at,al,an,re,er_mean,er_median,er_mode,er_q1,er_q3,in_mean,in_median,in_mode,in_q1,in_q3,ti_mean,ti_median,ti_mode,ti_q1,ti_q3,on_mean,on_median,on_mode,on_q1,on_q3,es_mean,es_median,es_mode,es_q1,es_q3,te_mean,te_median,te_mode,te_q1,te_q3,en_mean,en_median,en_mode,en_q1,en_q3,is_mean,is_median,is_mode,is_q1,is_q3,ic_mean,ic_median,ic_mode,ic_q1,ic_q3,ri_mean,ri_median,ri_mode,ri_q1,ri_q3,ra_mean,ra_median,ra_mode,ra_q1,ra_q3
"[-8247332096.0, 488082944.0, 296091136.0, -471062908.5405405, 1898376725.5316827]","[144011008.0, 567830016.0, 207915776.0, 249894539.63636363, 113226610.23425521]","[96025088.0, 271645952.0, 176038144.0, 179379215.05882353, 40757573.66330064]","[216064000.0, 536783104.0, 265753856.0, 282381300.8695652, 65442690.378760956]",-14935735040.0,304131840.0,232082944.0,-1072090624.0,3533671401.307361,183772160.0,328141056.0,239927040.0,241100364.1081081,35719384.29881291,-624160000.0,271961856.0,120098048.0,-126393600.0,396073802.0306859,183438080.0,856093952.0,236061952.0,269029248.0,145546657.93937093,-10680315904.0,456104192.0,255407872.0,-2507657984.0,3870137199.436631,232067072.0,399703040.0,278263040.0,282247078.95652175,42462271.15474972,96464128.0,263770880.0,183963136.0,179291299.84,39471211.80701961,-13671542016.0,255620864.0,-2439499008.0,-4302114742.857142,4680970928.058458,-4408354048.0,200217856.0,-2311677952.0,-1809416806.4,1774248404.5937655,-3136726784.0,247543040.0,180485376.0,-493117280.0,1239132978.852978,279927808.0,279927808.0,279927808.0,279927808.0,279927808.0
"[-1431875072.0, 463649792.0, 312383360.0, 135930485.33333334, 456567565.2372879]","[159996160.0, 271610112.0, 224061056.0, 217074944.0, 37537919.92401139]","[120064000.0, 432032000.0, 183890944.0, 196209192.96, 62971393.171095446]","[-1012857856.0, 831912192.0, 267740032.0, 254615504.0, 254510341.32041895]",207654912.0,288654848.0,243710592.0,242671436.8,22833730.931198627,184140032.0,303998976.0,240215040.0,239259553.1851852,31451969.899051674,-27199836160.0,865182976.0,-324024960.0,-5555877017.6,9049835923.096104,184084992.0,303304960.0,223902208.0,229322076.16,27680274.971342213,-5552888064.0,671908864.0,247162880.0,-749497502.4761904,1818639961.8337214,-3967671808.0,343890944.0,263730944.0,-81699152.0,1072354306.2544991,134886912.0,255940096.0,192090880.0,185620066.46153846,32980491.85276141,-17833665024.0,319844864.0,-1179628032.0,-3418786033.7777777,5163073016.914291,119395072.0,360083968.0,187817856.0,215071648.0,92787928.08988445,-13055768832.0,223309056.0,-4544909056.0,-5150678579.2,5126397792.650097,-3455341056.0,-3455341056.0,-3455341056.0,-3455341056.0,-3455341056.0
"[-7328152064.0, 752115968.0, 307628032.0, -376958681.6, 1826472278.5427701]","[120436992.0, 920224000.0, 207620480.0, 268856601.6, 221906125.40558586]","[144148224.0, 359836160.0, 199213056.0, 218787840.0, 74407519.59551165]","[-888706048.0, 592026880.0, 239977984.0, 122180562.8235294, 354684751.2940517]",215726080.0,319513856.0,235029888.0,243561456.0,26770899.893316697,176032000.0,271203072.0,231833856.0,223930999.46666667,25337192.81035167,-5056307200.0,296201984.0,-1055910016.0,-1763838208.0,2015364782.456491,191976960.0,256620032.0,227653376.0,229771904.0,18723939.3239428,231921152.0,346164992.0,268064512.0,268259776.0,33956353.2631293,-3861239040.0,319798016.0,255791104.0,-461636754.28571427,1423216853.8997755,142764032.0,639565056.0,183969024.0,236165120.0,141234818.7579174,191790848.0,248181248.0,223912960.0,222899968.0,17998641.60748454,136027904.0,208016896.0,137129984.0,160391594.66666666,33679178.93298174,-521649987477.41656,-521649987477.41656,-521649987477.41656,-521649987477.41656,-521649987477.41656,437367040.0,437367040.0,437367040.0,437367040.0,437367040.0
"[-5906754048.0, 2539636992.0, 208040192.0, -33690946.06451613, 1450092247.780587]","[-592200679936.0, 442113024.0, 207258112.0, -22779921578.666668, 106189477722.64627]","[-34027821056.0, 613410816.0, 205452032.0, -1110772796.952381, 5485703014.982566]","[-2671659008.0, 359160064.0, 200634880.0, -168136218.25641027, 778733499.4914498]",-95785369088.0,633658880.0,234525056.0,-5943684313.6,16119294312.788101,-21459942912.0,1126701056.0,212014080.0,-941479644.6896552,3893058679.4239955,-52447934976.0,479560192.0,-6827406848.0,-14071772685.473684,16688169115.484684,-18752069888.0,852539904.0,235690368.0,-702307365.6470588,3606672568.949816,-37639283200.0,659204096.0,299772416.0,-4159976101.647059,8078533657.559581,-1906159872.0,689363968.0,196548864.0,74749317.12,450954344.8687403,-32939286016.0,815590912.0,193828608.0,-2493190331.076923,7444116056.887728,-45167462912.0,376561152.0,111916032.0,-5088912621.037037,9642733421.795408,-45848009984.0,315915008.0,266744576.0,-4345355366.4,13834265456.65227,-46721817856.0,-2735756032.0,-21461156992.0,-21928708896.0,13750606745.721272,-8309692928.0,368777984.0,-5500998144.0,-4734199259.428572,3093693723.530169
"[169349120.0, 1119767040.0, 225198592.0, 362428467.2, 295164554.4706123]","[199218176.0, 2036370176.0, 217550848.0, 481999030.85714287, 635019588.2179445]","[159291136.0, 275074048.0, 198994944.0, 211309195.63636363, 33158129.49063323]","[-846522112.0, 450859008.0, 282519040.0, 108888203.63636364, 398687468.2161776]",240378112.0,726967808.0,269148928.0,308223146.6666667,116008981.63897917,268979968.0,1349211136.0,319881984.0,392792432.64,248873437.0442204,162372096.0,1747241216.0,387533440.0,526243811.5555556,368086353.1266489,306881024.0,358577920.0,331385088.0,331370666.6666667,15149173.439107375,-27469860864.0,1050381824.0,-2044989952.0,-5625601043.692307,8453080673.158146,213172992.0,1100730880.0,250421248.0,410423040.0,345573904.35576695,147521024.0,437351936.0,232276096.0,258775120.0,85800040.48399605,-18401390848.0,504009984.0,-1628421504.0,-3876566509.714286,5327113960.181157,286537984.0,496189184.0,293422848.0,358716672.0,97248372.75336875,-8999572224.0,268259072.0,212286976.0,-1908039232.0,3494467535.818643,417146880.0,2116094976.0,761876992.0,1014248960.0,672504971.7217336
"[160256768.0, 456385024.0, 212459392.0, 246884096.0, 75786558.65118796]","[151304960.0, 454983936.0, 195927040.0, 229818567.1111111, 86258060.91870649]","[127687936.0, 248986880.0, 206277120.0, 204857014.85714287, 35892330.14778956]","[148520192.0, 611808000.0, 273521152.0, 273951601.7777778, 132200909.63205202]",248071168.0,307623936.0,272455424.0,273037750.85714287,18711340.515114747,264379904.0,468762880.0,312652800.0,327689569.52380955,48918226.43269215,147112960.0,2355311104.0,383376512.0,584801920.0,606751786.970183,274024960.0,493129984.0,342047744.0,356950134.15384614,56766497.49012897,-19471128064.0,434653952.0,328822528.0,-2483013606.4,5940805219.134417,144282112.0,259063040.0,218777984.0,207832160.0,35120781.92911041,161424128.0,300275968.0,212012032.0,221729264.94117647,35559992.9571927,-16993508864.0,740768000.0,-7001879040.0,-6449994358.153846,6889850832.529788,324463872.0,369316096.0,346889984.0,346889984.0,22426112.0,203638016.0,894461952.0,262734080.0,399111424.0,239178114.91310868,395176960.0,759079168.0,470372096.0,518461388.8,126937496.60387857
"[-6857076992.0, 636465152.0, 210937856.0, -379180603.0769231, 1896930376.3280115]","[176336128.0, 399083008.0, 214962944.0, 230582606.76923078, 58031897.891424485]","[148060160.0, 815389952.0, 177028096.0, 279676435.6923077, 222730513.53417617]","[157912064.0, 346225152.0, 246189568.0, 243634144.0, 58597460.81574143]",228367872.0,465334016.0,283555072.0,289864820.3636364,51079997.12714535,266125056.0,1135208960.0,316944128.0,372951673.2631579,187649261.75296614,137723904.0,704718848.0,412547456.0,433333248.0,161316962.68422738,288084992.0,387816960.0,314576512.0,324688192.0,29074382.309423488,-11632802048.0,333195008.0,307619840.0,-2885813387.6363635,4583075871.674391,127526144.0,473379072.0,214856192.0,224366216.53333333,73199854.66697094,180252160.0,442692864.0,210744064.0,234897718.85714287,73398680.89076596,-13795431936.0,269177088.0,-6846758912.0,-6005891446.153846,5416322547.543218,244050944.0,244050944.0,244050944.0,244050944.0,244050944.0,178404096.0,925718016.0,216140032.0,350203033.6,288308523.1621098,-12208278016.0,568057088.0,438840064.0,-2056606976.0,5076059686.592584
"[111412992.0, 317376000.0, 134515456.0, 174592096.0, 77867679.40553102]","[131662080.0, 228026880.0, 172182016.0, 181426944.0, 40281520.57100889]","[128262912.0, 303171072.0, 187450496.0, 192885518.2222222, 41602226.01977296]","[191653120.0, 360097024.0, 226778880.0, 240917924.57142857, 44825811.3572546]",200452864.0,435881984.0,298761984.0,308082270.31578946,54251130.861871034,152009984.0,708068864.0,215192064.0,242311213.17647058,125681738.7643458,-9118974976.0,463454976.0,227918080.0,-986097696.0,3085936222.3570924,135087872.0,467564032.0,175684864.0,196359047.52941176,72609334.99471548,-9768334080.0,381998848.0,298283008.0,-1217659318.857143,3498598209.460525,196251136.0,466147072.0,255912960.0,265263655.3846154,69438726.40869142,127537920.0,217801984.0,174054016.0,180882201.6,29734854.43266278,-36786251008.0,550727936.0,222103040.0,-3426014826.6666665,10160401556.640894,163992832.0,273044992.0,220659968.0,218660352.0,42773472.58389596,156582144.0,240398848.0,177901056.0,188195776.0,31819836.526620686,202155008.0,318546944.0,260350976.0,260350976.0,58195968.0
"[127877888.0, 394728960.0, 137554432.0, 214690986.66666666, 114492810.28998142]","[115942912.0, 251911936.0, 174047488.0, 173946752.0, 44591805.82874869]","[136147968.0, 298576896.0, 174301568.0, 185127056.0, 49175409.72438188]","[163811072.0, 378233088.0, 242784512.0, 243607658.66666666, 51040871.691598095]",200029952.0,378134016.0,309396992.0,306275031.57894737,40113158.44115033,109003008.0,260203008.0,198172544.0,195513799.1111111,34877658.06631697,-744894976.0,719351040.0,-122907008.0,-96814976.0,493710890.26779276,110880000.0,498329088.0,183543936.0,200405191.1111111,82645970.4900991,-4158892800.0,425110784.0,292684032.0,-588560018.2857143,1364719260.2730525,164056832.0,349462016.0,279628032.0,265924821.33333334,57548169.75482494,112009984.0,279548928.0,185308928.0,185209437.0909091,40988439.20495284,-3925521920.0,314447872.0,226140032.0,-379390192.0,1288149731.3228858,136462848.0,325658880.0,204460032.0,217730673.7777778,59322542.47496554,-5167352832.0,246854144.0,-2460249344.0,-2460249344.0,2707103488.0,334350848.0,432231168.0,374161920.0,380247978.6666667,40190540.706292085
"[-165233152.0, 667336192.0, 195369984.0, 241441389.7142857, 236603441.3901658]","[95439104.0, 553840128.0, 179053056.0, 240044117.33333334, 139529985.5745874]","[95811072.0, 234364160.0, 184651008.0, 177150057.4117647, 34201845.17469673]","[200178176.0, 372408064.0, 242403968.0, 251564944.0, 48052208.51007454]",252459008.0,872148992.0,324264064.0,368114204.4444444,140460109.4552423,144289024.0,570354944.0,186637440.0,212754633.14285713,102628266.19962706,265504000.0,331706112.0,274027008.0,292525465.6,28889147.9027764,148850176.0,256420864.0,176765184.0,189540590.93333334,29116391.33400251,-15293502976.0,336754944.0,63509504.0,-1862796434.2857144,4213119374.699928,193133056.0,477124864.0,310483456.0,303217609.14285713,75858118.35667856,150916096.0,409602048.0,161895936.0,201367125.33333334,77700577.40861335,-7918493184.0,909933056.0,238908160.0,-736542020.2666667,2372924808.8402967,168443904.0,237982976.0,207745536.0,207665493.33333334,23213106.633163907,171662080.0,258266112.0,214964096.0,214964096.0,43302016.0,324342016.0,340786944.0,329099008.0,331409322.6666667,6909514.195443716
"[-11087947008.0, 271972864.0, -419966080.0, -2373464422.4, 4261285438.12378]","[167872000.0, 703497984.0, 312033024.0, 375874104.8888889, 180457670.56709144]","[216037888.0, 280013824.0, 259959424.0, 254001792.0, 20988171.807815183]","[247966976.0, 584097024.0, 312029568.0, 324017685.3333333, 87795537.70072713]",-13191254016.0,768088064.0,304239104.0,-688468086.1538461,3611492340.486953,208054016.0,751930112.0,295953920.0,318552564.8695652,121229133.83496055,159888896.0,1032132096.0,376066944.0,471415488.0,276448075.1066605,271933952.0,615948800.0,356222464.0,397579340.8,116184583.16524544,303782912.0,2040045824.0,351691008.0,699114137.6,673317821.0056388,175951104.0,447848960.0,251845120.0,281846048.0,94792671.69315434,168001792.0,1807785984.0,268062592.0,445292394.6666667,440331713.5658136,-52909321984.0,1079842816.0,287986048.0,-8975689702.4,16762586825.64297,192055040.0,240050944.0,207974016.0,212013504.0,18314006.171613242,-6167778048.0,528391168.0,272042496.0,-452973344.0,2164182721.2573814,134693980584.6222,134693980584.6222,134693980584.6222,134693980584.6222,134693980584.6222
"[199750144.0, 328307968.0, 248056064.0, 259567725.7142857, 39938140.49293303]","[207757824.0, 616027904.0, 271971840.0, 356504795.4285714, 154989138.71722913]","[183796224.0, 352050944.0, 272002432.0, 265592294.4, 46508464.49406725]","[270931968.0, 336093184.0, 292123008.0, 298036330.6666667, 20533940.1307535]",-27805801984.0,1127977984.0,303995904.0,-2147190122.6666667,7786944797.862097,247460096.0,479906048.0,303867904.0,315481437.09090906,60059741.72851003,288026112.0,496016128.0,392021120.0,392021120.0,103995008.0,279728128.0,392154880.0,311956992.0,315358390.85714287,35622807.806733884,320220928.0,871979008.0,407934848.0,525311232.0,217783148.49517524,143796224.0,791943936.0,256382976.0,307698269.09090906,170893863.61092204,192237056.0,263751936.0,215878144.0,219173222.4,23910244.33428043,-7655609856.0,416188928.0,247979776.0,-338446557.8666667,1980692905.3509655,207976960.0,256354048.0,247915008.0,237415338.66666666,21099256.747129608,215968000.0,600198144.0,316562944.0,350851968.0,124818341.7840786,303980032.0,303980032.0,303980032.0,303980032.0,303980032.0
"[135990016.0, 368066816.0, 271983488.0, 269496971.6363636, 58074021.650157854]","[88819968.0, 287479040.0, 175992448.0, 184678464.0, 63647064.506841205]","[72400896.0, 247932928.0, 163984000.0, 161446741.33333334, 36386838.97019344]","[159976960.0, 351318016.0, 215686144.0, 217133387.29411766, 42384067.87483412]",136187136.0,383983872.0,191990016.0,212875337.14285713,62132376.02275016,112333056.0,256124160.0,160081920.0,176040006.62068966,35797507.979458556,95585024.0,272760064.0,255904000.0,214346035.2,65582464.98705518,119860992.0,240093952.0,159677952.0,163063808.0,32248514.856804695,247369984.0,519977984.0,279819520.0,302246988.8,76185255.08421278,167409920.0,415505920.0,243512064.0,245730560.0,58239544.04273385,128260096.0,415620864.0,176716032.0,198281337.2631579,62010054.42312926,127969024.0,544998912.0,196108032.0,219163229.0909091,91438021.54957175,183945984.0,247886848.0,200128512.0,208022464.0,26529636.164665055,191966976.0,1383198976.0,216612864.0,352908629.3333333,365639334.44414794,255864064.0,9567355904.0,2247939968.0,3579774976.0,3801936618.66157
"[255385088.0, 655346944.0, 287922944.0, 358074982.4, 150153250.32245663]","[175796992.0, 1504025088.0, 268052864.0, 458648149.3333333, 469454769.7435227]","[128036096.0, 279951104.0, 191924992.0, 191111021.7142857, 36937629.82572651]","[168008960.0, 319938048.0, 223983104.0, 236978609.23076922, 49038094.70607035]",151989248.0,287941120.0,184384000.0,195756441.6,34318419.469260946,120091136.0,352150016.0,172115456.0,186838035.69230768,54496204.5601596,104044032.0,320055040.0,199908864.0,198300569.6,73895120.36613889,136106240.0,312104960.0,176009984.0,187090274.46153846,48597177.33127662,255886080.0,368119040.0,287877120.0,299537554.28571427,42904292.63636163,207936000.0,376172032.0,264020992.0,283242828.8,60275026.752069056,135236096.0,208296960.0,159984896.0,164691404.8,24357970.874787338,103952128.0,775851008.0,207791488.0,262234624.0,183111927.03482273,152046848.0,152046848.0,152046848.0,152046848.0,152046848.0,151812096.0,207855104.0,192002048.0,184436224.0,20715594.484097432,288007936.0,304758016.0,298028032.0,296931328.0,6882023.188438702
"[304030976.0, 375351808.0, 343874048.0, 341085610.6666667, 29183292.09627204]","[160581888.0, 255998976.0, 222498432.0, 211629824.0, 33151103.758902106]","[167770112.0, 304039168.0, 191991040.0, 213947840.0, 52945809.436457425]","[168295168.0, 295971840.0, 232133504.0, 232133504.0, 63838336.0]",175941888.0,335278080.0,203915008.0,229370325.33333334,54649776.65888507,134962176.0,215632896.0,163929984.0,165842240.0,23238168.927917536,104254976.0,222832896.0,139939456.0,151741696.0,43643851.39754227,152768000.0,351610112.0,183533056.0,207984640.0,72730007.0338149,240006912.0,335259136.0,304067840.0,293111296.0,39650817.028610274,247942144.0,519938048.0,287936512.0,335938304.0,109831023.18481554,152022016.0,392052992.0,212173056.0,237347370.66666666,81773471.47332391,159885824.0,567836928.0,216219008.0,253149696.0,123025353.8010568,160201984.0,511977984.0,224104960.0,298761642.6666667,153007197.5302546,520152064.0,520152064.0,520152064.0,520152064.0,520152064.0,134693980584.6222,134693980584.6222,134693980584.6222,134693980584.6222,134693980584.6222
"[143706880.0, 385478912.0, 203854976.0, 237317589.33333334, 79131633.11010611]","[127843072.0, 626638080.0, 214665984.0, 239360947.2, 136502982.73259616]","[131310848.0, 288403200.0, 192733952.0, 199172571.42857143, 44920157.56196091]","[189142016.0, 328553984.0, 283481088.0, 277221741.71428573, 51506768.33207033]",153221120.0,360697088.0,292813056.0,283947168.0,60103407.69161416,219296000.0,575317760.0,281335808.0,298338932.3636364,90825953.01382883,180176128.0,357744896.0,322694912.0,295827712.0,70757778.12404005,241004800.0,364638208.0,286516480.0,298444501.3333333,42686917.62810776,-578670848.0,392252160.0,-93209344.0,-93209344.0,485461504.0,128206848.0,298040064.0,229026048.0,220611404.8,50657552.86295463,155674112.0,570063872.0,228513024.0,257651572.36363637,108340323.49054794,-13487769856.0,335006976.0,203983872.0,-3527099869.866667,5084156715.725136,252187904.0,252187904.0,252187904.0,252187904.0,252187904.0,-1599531008.0,372902912.0,246759424.0,-183277312.0,819343085.8080577,231924992.0,269304064.0,250614528.0,250614528.0,18689536.0
"[-381206016.0, 349361152.0, 200628992.0, 141214756.57142857, 221181409.7899733]","[224623104.0, 540185088.0, 349559040.0, 371455744.0, 129754744.7329044]","[148907008.0, 254174976.0, 237804544.0, 219672768.0, 41577468.39056212]","[149159936.0, 311151104.0, 262771584.0, 246463552.0, 59549760.845822245]",152493824.0,274417920.0,208005504.0,207770464.0,43242651.90299633,249684992.0,367988992.0,288067072.0,289944337.06666666,29095497.399077687,-5920763904.0,253513984.0,168652032.0,-1332486464.0,2649271840.068376,276764928.0,861684224.0,292691968.0,408152832.0,227487046.43206036,301320192.0,445806080.0,344465920.0,357640652.8,47787345.94063806,133526016.0,458381824.0,200378112.0,239333376.0,93553109.09332481,196024832.0,389691904.0,238465408.0,259162112.0,65736796.59685671,-5619141888.0,317750016.0,259859584.0,-496706432.0,1937265413.2280507,30713190217.37256,30713190217.37256,30713190217.37256,30713190217.37256,30713190217.37256,-8638006784.0,285714176.0,-1972674944.0,-2551458773.3333335,2994960138.0626793,151575040.0,242537984.0,209499136.0,200722358.85714287,31475743.976698086
"[-5874757888.0, 320487936.0, 231400960.0, -831862131.2, 2021249169.2028918]","[133757952.0, 314231040.0, 178593024.0, 187644259.55555555, 43187389.18364793]","[130241792.0, 210482944.0, 166192000.0, 173974784.0, 24015724.408591524]","[204688896.0, 275465984.0, 248837504.0, 248285482.66666666, 18214937.093703825]",-19337033984.0,272774912.0,228659968.0,-1986315468.8,5152459306.068914,176500992.0,296574976.0,197899008.0,201544199.75757575,23982835.165709216,105047808.0,614425856.0,161395072.0,230932864.0,142913502.26375076,168803072.0,243290112.0,201418496.0,203472164.57142857,20737993.996003643,-35851763200.0,494860032.0,270243840.0,-1999274590.3157895,8032749584.996382,243291904.0,314464000.0,284668416.0,279685290.6666667,23843422.327818926,152227840.0,296240128.0,188453888.0,195091066.4347826,34987209.347010866,-7861274112.0,717786880.0,183133056.0,-912898627.7647059,2107532373.6158063,-15551668992.0,244559104.0,172052864.0,-3059078058.6666665,5760578598.145124,174099200.0,296110848.0,194236928.0,202695765.33333334,34935242.68950186,187260160.0,260420864.0,259378176.0,235686400.0,34245168.41803659
"[-33104262144.0, 324328960.0, -131241984.0, -6715964235.294118, 9805546218.706043]","[144641024.0, 249419008.0, 181666176.0, 177707099.42857143, 28431958.74852763]","[149911040.0, 504248064.0, 184941056.0, 209711811.7647059, 78741350.85660021]","[-3778669056.0, 643170816.0, 250656256.0, 97032407.04, 798701590.318213]",151579904.0,287951104.0,232603136.0,231172022.85714287,30241681.886684977,174822912.0,246240000.0,194108032.0,197534056.72727272,16987922.361848734,-13815548160.0,654426880.0,115960064.0,-1787886019.764706,3507874715.2159185,180109056.0,232071168.0,194145024.0,201841107.47826087,15899094.137719827,-34223538944.0,370404864.0,255273216.0,-2337499376.9411764,8240920513.379512,-1548175872.0,523449088.0,275451904.0,190324103.52941176,439653390.62323624,152993024.0,232297984.0,180179968.0,185170315.63636363,23096421.073724438,-15250924032.0,247612928.0,-483769088.0,-2463258802.0869565,4123826497.265619,195607040.0,227137024.0,217201152.0,213315072.0,13162096.744943134,-3442767104.0,370839040.0,-552758016.0,-951229842.2857143,1343149689.7003717,221741056.0,308208896.0,282288128.0,273966489.6,30251199.640895918
"[-5191681024.0, 245436928.0, -139163392.0, -988787763.2, 1650448535.020954]","[136643072.0, 196626944.0, 194789120.0, 176019712.0, 27853596.207443234]","[116159232.0, 206176000.0, 181255168.0, 173383168.0, 26554302.297227763]","[224384768.0, 1070519040.0, 252363520.0, 302520704.0, 198992412.10115662]",143326976.0,699078144.0,222769536.0,244713904.0,119950038.02702363,165545216.0,383094016.0,206466048.0,216769981.62962964,47666741.57053848,-8595031808.0,168068864.0,-621571840.0,-2417526656.0,3622403274.779202,181826816.0,237042944.0,201602048.0,204444741.8181818,16181807.48170289,-14686016000.0,408389120.0,-588674816.0,-2320875962.181818,4251776075.8417,-2144470016.0,363739136.0,257842176.0,-242137600.0,891442284.3349574,159224064.0,227132928.0,188960000.0,192829542.4,21732780.417380206,-53320059136.0,210694912.0,-2234942976.0,-9807698139.428572,17046868410.890125,200193024.0,221603072.0,212913920.0,211570005.33333334,8792122.186519679,160356864.0,189947904.0,167489024.0,172597930.66666666,12609073.652650123,-13640505088.0,269130240.0,-1835579136.0,-3610222796.8,5176827937.700561
"[161169152.0, 808614912.0, 301645568.0, 327773030.4, 175328055.9880349]","[168896000.0, 249070080.0, 194428160.0, 199405165.7142857, 25842130.455716167]","[122855936.0, 222622976.0, 173089024.0, 176549947.07692307, 24689372.778028224]","[181991936.0, 225413120.0, 195372032.0, 198525463.27272728, 11723020.943210384]",-23204819200.0,274119936.0,194021120.0,-2744823886.769231,6718958882.702816,199032832.0,268367104.0,236333056.0,234470453.33333334,17922200.430689782,133294848.0,431473920.0,175499904.0,193384391.1111111,65509031.83225345,211805952.0,298370816.0,241944064.0,249387425.68421054,24893511.082064122,-3301629952.0,739506944.0,220708096.0,-56221900.8,1094020884.6802619,-226247936.0,666814976.0,184874496.0,224610069.33333334,224406703.13907772,142638848.0,233431040.0,192984064.0,192712725.33333334,24860446.472098574,-24613222144.0,229462016.0,174624000.0,-1016440821.76,4863548655.747481,184420096.0,184420096.0,184420096.0,184420096.0,184420096.0,147577856.0,235183104.0,179189504.0,187702528.0,29346593.951309945,-104779008.0,302976000.0,248886016.0,131840000.0,179089435.2044258
"[-200339200.0, 349607936.0, 161358464.0, 175783232.0, 136726455.75940633]","[112732928.0, 499085824.0, 187224064.0, 228917845.33333334, 127339354.9011711]","[138376960.0, 230413056.0, 162964992.0, 170002688.0, 31092896.622545056]","[181384960.0, 220109056.0, 195439488.0, 196533299.2, 11794523.84714368]",-26997626880.0,740953088.0,211774080.0,-1956952435.2,6808924646.664781,197457920.0,266248960.0,228127488.0,226543928.8888889,16498123.468562145,107012096.0,278876928.0,165011968.0,166516600.47058824,41638635.941433884,203387136.0,293726976.0,240001536.0,246935003.42857143,23226948.027444765,-8643568896.0,752614912.0,205549056.0,-1868472661.3333333,3114915125.4079533,109671936.0,727123200.0,194038784.0,257077326.76923078,152466358.66816,153986048.0,715220992.0,175955584.0,225369749.33333334,149437816.66878974,-13526075904.0,208564992.0,-623892992.0,-3205321050.352941,4661192989.450853,-33321745920.0,-33321745920.0,-33321745920.0,-33321745920.0,-33321745920.0,156089088.0,226440960.0,183173504.0,185742720.0,23956113.262078553,-64060160.0,402289920.0,93235968.0,131175424.0,202004466.5208897
"[-7923691008.0, 405222144.0, 184442880.0, -379941232.64, 1823937190.813137]","[204206080.0, 303436032.0, 227932672.0, 237253964.8, 32199317.34195264]","[152402944.0, 571948032.0, 223399040.0, 238689174.5882353, 69212651.816419]","[228449024.0, 333228800.0, 285427456.0, 283022532.9230769, 24259423.2944218]",-14616822016.0,346018048.0,278632960.0,-1221584241.7777777,3825679631.937901,232461056.0,321662976.0,271072896.0,271403197.2173913,16912791.030677278,-10086020864.0,800574976.0,-2293285120.0,-3185549440.0,3658113205.6586976,217360128.0,318415104.0,262126080.0,267028404.70588234,24926675.047393914,-19843897088.0,386274048.0,249308416.0,-3382846336.0,5828531187.404408,148781824.0,738928128.0,218050048.0,241527401.4117647,129026193.86958896,123836928.0,523769088.0,234327808.0,250611378.08695653,80004791.80772413,-24645926912.0,825952000.0,168146176.0,-2885582019.047619,6610527680.649235,-10556168960.0,174083840.0,-2457026944.0,-3824034752.0,4420400891.42594,-17605489920.0,298785024.0,164004864.0,-3885554773.3333335,6144077651.056116,151468032.0,508421120.0,210422528.0,269804288.0,116528387.52760716
"[131437056.0, 1109053952.0, 240558976.0, 303872810.6666667, 194522661.43616587]","[160796160.0, 314295040.0, 231139072.0, 229045390.2222222, 39846409.35388293]","[174503168.0, 996460032.0, 226198016.0, 276498114.20689654, 190440117.3224434]","[237297920.0, 495832064.0, 291708544.0, 298991872.0, 49996477.304797836]",-13007077888.0,520161792.0,293978880.0,-392167370.1052632,2973857862.632892,216066816.0,427887104.0,269792512.0,275351692.8,34466994.32302781,-9073069824.0,466860032.0,-325660416.0,-2236866611.2,3318471382.640009,241104128.0,356557056.0,273763840.0,281122958.2222222,33752953.429496355,-10491522048.0,400520960.0,314427136.0,-1315555131.0769231,3365883164.3688807,139813888.0,375397120.0,209317888.0,237134990.2222222,73710831.38918182,138126848.0,709584128.0,224686976.0,257382512.0,133910438.52488275,-27376306944.0,338055936.0,144175104.0,-3384796834.909091,7811522588.784652,-7465217024.0,175492096.0,175056896.0,-2371556010.6666665,3601762247.9756336,-39560901888.0,433551872.0,-1021066752.0,-9197014579.2,15358358874.712917,182018048.0,351702016.0,266860032.0,266860032.0,84841984.0
"[-3573938944.0, 360692992.0, 187835520.0, -512876569.6, 1362682169.1395297]","[175706880.0, 406187008.0, 231404544.0, 243315712.0, 60180578.404847234]","[151910912.0, 594604032.0, 227816960.0, 261215977.73913044, 112172631.28421083]","[260098048.0, 331015936.0, 292774528.0, 293549366.85714287, 23253459.488529734]",-31790857984.0,377588992.0,283584384.0,-3320701964.8,7943574663.541959,238071040.0,342046208.0,291879936.0,288551022.93333334,22503179.1626223,-5457536000.0,451949824.0,219577600.0,-480670496.0,1885830339.188765,278148096.0,323581952.0,288350976.0,293033164.8,16217594.05594966,-17298702848.0,364180992.0,283857920.0,-2357154816.0,5184377748.520568,155255040.0,889356800.0,203358976.0,276666484.3636364,198663836.81568974,184540160.0,472625920.0,237993984.0,266011352.6153846,85393307.78339042,-5749737984.0,261006848.0,213097984.0,-711136048.0,1668141204.9663153,30713190217.37256,30713190217.37256,30713190217.37256,30713190217.37256,30713190217.37256,-12270671104.0,148940032.0,-3242645120.0,-4651755328.0,4618385118.195787,175417088.0,347599104.0,346446848.0,289821013.3333333,80897159.0857947
"[-2072272128.0, 559840768.0, 280027008.0, 158633457.7777778, 547694990.5176886]","[-2335617024.0, 279897088.0, 184097024.0, -55214950.4, 760947907.7643008]","[111864064.0, 207715072.0, 159697536.0, 158656226.46153846, 22744062.498576406]","[167254016.0, 791806976.0, 200097024.0, 246693918.72, 136737222.60277438]",159734016.0,247780864.0,192197120.0,198390905.9047619,25926968.059870493,207236864.0,535920128.0,264075776.0,272097349.8181818,56652727.75355179,-19667193088.0,207367936.0,135924992.0,-2417491234.133333,5550451370.621811,232078080.0,319896064.0,274799872.0,271363211.6363636,24870426.657706287,-6071766016.0,248587008.0,203964544.0,-897912896.0,2074458879.6711357,207663104.0,255913216.0,216871040.0,222171936.0,16129925.985032417,112134912.0,375997184.0,176377088.0,194949497.2631579,72760150.68573686,-19554668032.0,207930112.0,132253952.0,-1799274624.0,4824040874.566127,167817984.0,175945216.0,171881600.0,171881600.0,4063616.0,-7799625216.0,191789824.0,179737984.0,-1178837717.3333333,2961826433.806243,183692032.0,352205056.0,231735552.0,237832768.0,47703139.32968085
"[-55862784.0, 328000768.0, 251686016.0, 235991155.2, 75649548.75003338]","[-19240148992.0, 1735929088.0, 159883008.0, -2592002722.909091, 5956260018.094279]","[128646144.0, 327959040.0, 168043008.0, 183005982.11764705, 52122106.21194197]","[159948800.0, 312020992.0, 195983360.0, 211897234.2857143, 45760950.02907477]",159933952.0,455970048.0,215939072.0,248557981.53846154,93530149.28956154,199991040.0,502465024.0,256186880.0,266186082.0425532,42731834.69233253,-29998205952.0,184048896.0,103653120.0,-6460239798.857142,10923117033.456158,223793920.0,359874048.0,255985920.0,262373393.06666666,32256764.58159627,-1320030208.0,544128000.0,191872768.0,-50663594.666666664,573650376.6917982,104015872.0,247899136.0,224022016.0,212306129.45454547,38442948.20897119,135954176.0,895758080.0,191987968.0,238838613.33333334,180345530.78945184,-10032174080.0,287721984.0,147881472.0,-552028640.0,2462633340.663162,127965952.0,215977984.0,171971968.0,171971968.0,44006016.0,-5663607040.0,191218176.0,103983104.0,-1700581774.2222223,2451533588.9536476,207673088.0,855515136.0,223652096.0,305997952.0,208756056.25400457
"[-26463268096.0, 383876096.0, 236089984.0, -2392980940.8, 6152482786.506372]","[128089088.0, 232317952.0, 195838592.0, 188573312.0, 34919386.68971546]","[128787968.0, 447318016.0, 159876864.0, 183558866.82352942, 77061090.13173848]","[183703040.0, 495867136.0, 212030080.0, 239836544.0, 83183758.02576283]",183901952.0,375874816.0,212016512.0,246995328.0,64039360.79781334,215853824.0,1248045056.0,263941888.0,296204015.483871,175220445.77589828,-1439976960.0,175969024.0,127907968.0,-126702848.0,587640942.4738221,239600896.0,423968000.0,259915392.0,282649420.8,51432457.89250149,215790848.0,391917056.0,232199936.0,262340198.4,65261656.77600942,215973120.0,360078080.0,244084992.0,266055296.0,55556840.27444095,95948032.0,264059904.0,163950336.0,170604586.66666666,49911019.07281609,79746048.0,216073984.0,167866880.0,158151830.5882353,34302272.608314686,127806976.0,127806976.0,127806976.0,127806976.0,127806976.0,119620096.0,266052096.0,179537664.0,186759125.33333334,47482867.63416799,214383872.0,351450880.0,232497920.0,250328618.66666666,45856648.64032025
"[255262976.0, 574420992.0, 341017472.0, 373771797.3333333, 83241940.73402382]","[166834944.0, 292015872.0, 248715008.0, 245171529.14285713, 35408864.49474421]","[140667904.0, 516092928.0, 225981440.0, 244253991.3846154, 77801240.20775357]","[-5055372032.0, 574686208.0, 256421888.0, -498254779.73333335, 1489486288.9583137]",-1193773056.0,275642112.0,235194112.0,105811106.9090909,412020741.1449717,222743040.0,415725056.0,294619392.0,301599842.46153843,50476542.37028044,-13284294144.0,312062976.0,-9766559488.0,-7978887987.2,4401929046.291132,195149824.0,837022208.0,271383808.0,324368981.3333333,163232007.26400054,282411008.0,599234816.0,366946048.0,386435657.14285713,92277649.9443161,361374976.0,473040896.0,391750016.0,400538154.6666667,35875495.97465358,183721984.0,454392064.0,244135168.0,268345032.3478261,68130078.05824651,257999104.0,566344960.0,317693184.0,345404173.4736842,77543814.29622383,404795904.0,404795904.0,404795904.0,404795904.0,404795904.0,-7026316032.0,316084992.0,-4895748096.0,-4549692891.428572,2320779341.7665844,400160000.0,595619072.0,497889536.0,497889536.0,97729536.0
"[301843968.0, 407624960.0, 324563968.0, 336929689.6, 36679647.50992643]","[200155904.0, 510597888.0, 276918016.0, 305010651.4285714, 92392758.48862776]","[-13586422016.0, 604499200.0, 230032640.0, -925649523.2, 3255477230.640281]","[259228928.0, 350897920.0, 307838464.0, 304154016.0, 29390512.76038688]",-25933280000.0,349204992.0,239046912.0,-3958994176.0,9057804216.807598,-4428099072.0,1229880064.0,285085952.0,-315284068.17391306,1436931786.135262,-9227905024.0,360934144.0,218501888.0,-3605100397.714286,4493835696.622242,-16025250816.0,304088064.0,239748096.0,-1278886004.3636363,4666445567.004815,403180800.0,553105920.0,528450048.0,492207923.2,59707535.19031194,317785088.0,845201920.0,406333952.0,455897952.0,157068098.13727304,-10251570176.0,361736960.0,230450432.0,-1797881514.6666667,3753873485.569098,-17228727040.0,473043968.0,269876992.0,-1679588765.5384614,4630562502.397973,260866816.0,800670976.0,426305792.0,470267289.6,177833898.9522471,-6752806912.0,574051840.0,287814912.0,-1299351588.5714285,2746633771.1871605,288241152.0,843241984.0,381491968.0,473616768.0,224324971.82523778
"[330861056.0, 666134016.0, 352475136.0, 449823402.6666667, 153209014.5173008]","[168129024.0, 363331072.0, 320396032.0, 293153336.8888889, 56071439.122293346]","[-16319462912.0, 551672064.0, 196453504.0, -1210462425.6, 3779517319.4984264]","[264786176.0, 383958784.0, 310636416.0, 317798240.0, 42282308.53609921]",-17454735104.0,348181248.0,268182016.0,-2172207928.888889,5570227774.432999,-5328702976.0,1031714048.0,287873792.0,8245714.823529412,1345934091.1129994,-84563928064.0,346602752.0,-2471411968.0,-17901166006.857143,29174640021.98571,228100096.0,1074290944.0,275153408.0,356932838.4,243644860.0820168,328217856.0,1621989888.0,577481088.0,804337152.0,489841433.92134565,361232896.0,424076800.0,391716096.0,392726374.4,21408312.14482294,-7179032832.0,437842944.0,229894400.0,-492062080.0,2230103944.2178283,263439104.0,733954048.0,328114432.0,376170898.28571427,118973576.78353722,-42435905024.0,487209984.0,353135104.0,-10813131980.8,16638104890.23366,-22381818880.0,426424832.0,-610049024.0,-7336560310.857142,8915946024.514795,311972864.0,1301198080.0,418882048.0,516773814.85714287,325639673.6499384
"[-13326668032.0, 719877120.0, 152067072.0, -486676158.35897434, 2350603728.9164925]","[79994112.0, 295686912.0, 140089088.0, 157538483.2, 55209844.970229276]","[87887104.0, 551990016.0, 143399936.0, 153921188.2264151, 85391919.21941888]","[159751168.0, 447938048.0, 207947008.0, 214196288.0, 43181134.139115274]",-52064428032.0,455873024.0,203772032.0,-2573321896.0,9255572022.082506,128100096.0,591938816.0,199981056.0,216224396.94382024,67846752.81636177,-8943608064.0,368022016.0,105950976.0,-987817351.5294118,2354614858.0372767,112080128.0,918291968.0,207993088.0,238455130.83870968,131674111.4975428,-11367117056.0,464667136.0,184823040.0,-1419247854.3448277,2985124407.4086785,191724032.0,263990016.0,208074496.0,216855580.44444445,21834314.913895242,90610944.0,223760128.0,128031488.0,137764053.33333334,27750740.14167925,-13711321856.0,191742976.0,104137984.0,-2537834165.3333335,4242467680.6802297,-67955710976.0,191564800.0,104391936.0,-14854407168.0,22033155220.69403,-4919955968.0,183335168.0,112046080.0,-885411242.6666666,1702369357.124183,-13432169984.0,231855872.0,-2095897088.0,-3256320301.1764708,4229633799.116862
"[-15351378944.0, 295876864.0, 167543040.0, -1264612551.1111112, 3373806847.803494]","[95817984.0, 192209920.0, 144111488.0, 144592932.57142857, 29438912.913591158]","[55992832.0, 431880960.0, 132352512.0, 141640192.0, 60384758.80893386]","[168047104.0, 759980032.0, 199294976.0, 230662819.84, 121738743.9888254]",-696093952.0,239152128.0,192228864.0,140371230.72,204420378.97710875,119960064.0,256329984.0,207984000.0,207029032.96,21096450.736781728,-12479346944.0,128071168.0,-68253952.0,-1501193152.0,3429881927.3422074,79913984.0,407852800.0,207889536.0,204873888.0,67670262.67504674,-8135805952.0,367901952.0,187663104.0,-1503262630.4,2593801589.7710137,192413952.0,2343091968.0,208561920.0,353800463.0588235,500334272.32898813,95680000.0,936145920.0,128231936.0,172131139.36842105,180823454.5884702,-10023585024.0,247940864.0,-536494080.0,-1724778062.7692308,2785423744.3101845,-42214848000.0,200109056.0,-1052233472.0,-10158720537.6,15226123137.399998,-6287776000.0,152079104.0,87953536.0,-1275936490.6666667,2066413458.8918693,-9878930944.0,295874048.0,163967360.0,-1211146096.0,2772988863.0221457
"[-3328369152.0, 215796224.0, 152058496.0, -193389414.4, 874338758.8853666]","[79955968.0, 240142080.0, 128051968.0, 141735094.85714287, 46461914.384303056]","[72005120.0, 256002816.0, 111899904.0, 120502374.4, 41751293.11789719]","[175292928.0, 343853056.0, 199872000.0, 214160822.85714287, 41491408.31056309]",-7094776064.0,440025856.0,199960064.0,-296343567.0588235,1718820612.2784111,167723008.0,328421120.0,207481984.0,214996443.42857143,32169358.9298446,71318016.0,143885056.0,103872512.0,107795840.0,25350137.791888073,111969024.0,329282048.0,188393088.0,186620544.0,59278796.5933772,-10624332032.0,199953920.0,-747923584.0,-2331261696.0,3416641432.4888787,111972096.0,247704064.0,207910528.0,201640704.0,29746304.689865865,95935232.0,1160028928.0,132206464.0,220548757.33333334,284828528.84328806,-8263700992.0,136037888.0,-1372339968.0,-2440854604.8,2805485309.1147914,-15758921984.0,160039936.0,147662848.0,-3825889088.0,6889546623.586598,111535104.0,752076800.0,143774976.0,245680640.0,227973359.34907582,-2400536064.0,223951872.0,175256960.0,-85066880.0,773952105.6139306
"[-7255333120.0, 353432064.0, 196688128.0, -616466052.7407408, 1889802996.871608]","[152320000.0, 337579008.0, 209159040.0, 215426752.0, 44494538.99541357]","[-3260105984.0, 269136896.0, 198164096.0, -35098524.44444445, 802522752.8607038]","[132019968.0, 300278016.0, 189184896.0, 196432000.0, 37382118.1134701]",-32745061120.0,314196992.0,230142464.0,-2652500377.6,7285566609.8377905,227905792.0,295013888.0,246726528.0,254162071.27272728,21148431.74215963,-27323238912.0,214886912.0,148764928.0,-3745705262.5454545,8035664249.867023,192141824.0,369807104.0,237848064.0,245386827.29411766,36956902.71442639,-583665920.0,721295104.0,283367424.0,276748432.0,250483283.48351973,135399168.0,330558976.0,223488128.0,220694643.2,46382866.029801056,102544128.0,259924224.0,198487040.0,201575713.39130434,41558950.88939296,-23633544960.0,1909344256.0,97029888.0,-3988051692.3076925,6476088740.070959,162576128.0,183047168.0,172811648.0,172811648.0,10235520.0,-56747640832.0,-6032058880.0,-20081061120.0,-24981975076.57143,18621520343.361977,-30637153024.0,294521088.0,235632896.0,-2707751540.3636365,8844299538.039589
"[-14445996032.0, 615300096.0, 173435904.0, -530522490.4347826, 2989716271.7394905]","[158766080.0, 500567040.0, 204588032.0, 226652763.42857143, 80399987.26739855]","[136744192.0, 469260032.0, 200670976.0, 210703462.4, 75667687.90382738]","[150742016.0, 315621120.0, 188370944.0, 194374105.6, 38800179.56474289]",-14375770880.0,330865152.0,214555520.0,-577336277.3333334,3346922758.7251883,222291200.0,297964032.0,240804864.0,248543277.17647058,23256297.56081465,-9839399936.0,175127040.0,-1631615232.0,-4017893725.090909,4193352546.996925,192904960.0,552869120.0,252518144.0,274814788.26666665,88964888.03689669,250646016.0,485487104.0,273556992.0,293169801.84615386,60370441.001301326,151610880.0,260449024.0,216229888.0,212955332.92307693,34470042.99718319,90042112.0,835524864.0,175781504.0,222536832.0,174130754.89951935,-7245268992.0,242283008.0,153708544.0,-415072853.3333333,1919620501.409866,279851008.0,279851008.0,279851008.0,279851008.0,279851008.0,-20647120896.0,190099968.0,-7513725952.0,-8220985753.6,6903472089.404289,-1704384000.0,254583040.0,185382912.0,-277784283.4285714,772418567.24233
"[-2184839936.0, 283150080.0, 223441024.0, 50540339.2, 531817650.86910653]","[125100032.0, 204715008.0, 170452480.0, 168653363.2, 21603966.67482331]","[132412928.0, 243611136.0, 189640960.0, 190072106.66666666, 33548717.984533265]","[145526016.0, 239808000.0, 181360512.0, 186391731.2, 24420815.20635501]",-15451328000.0,332837888.0,226298112.0,-966632482.9090909,3877634551.047227,209824000.0,317640192.0,242757888.0,250034778.3529412,37090851.26836419,-9495120896.0,5321025792.0,155220992.0,-363423943.1111111,3613489025.5744014,185259008.0,404822016.0,244591872.0,246930688.0,51110544.72428581,-4013220864.0,308505856.0,270222592.0,-86340501.33333333,1184137984.1397157,141282048.0,565292032.0,230916864.0,251795651.7647059,92175371.34303027,119396864.0,252573184.0,200086016.0,195580416.0,36665269.504358344,-12295526144.0,325539840.0,138809856.0,-2014974825.4117646,3777673813.099034,136994048.0,200169984.0,172612992.0,170597504.0,24672071.83296417,-51412596992.0,212411904.0,196600832.0,-17001194752.0,24332536730.200123,-36647496960.0,278906880.0,-370215552.0,-6493531488.0,11855877607.320904
"[-5615255040.0, 535972096.0, 360078080.0, -267484074.66666666, 1892383476.6688657]","[151857920.0, 504037888.0, 203953536.0, 234387353.6, 95444120.06236]","[151787008.0, 288178944.0, 209305088.0, 212986781.53846154, 36724513.03771278]","[151908864.0, 1023709952.0, 192044544.0, 255402989.7142857, 216232420.64785668]",143922944.0,936307968.0,223848960.0,289493271.27272725,210703481.82662275,231356160.0,503928064.0,263913984.0,279185968.7619048,61961868.95127597,135940096.0,440172032.0,188075008.0,228037504.0,104353164.28357215,233116160.0,511965184.0,303397888.0,315273352.53333336,64907892.54683145,-7607699200.0,264165888.0,183632000.0,-1031978393.6,2383150730.9307404,167353856.0,560013056.0,263845888.0,271825826.90909094,111387015.7626959,168100096.0,823927040.0,215950976.0,275279978.6666667,170588187.31212804,143959040.0,695794176.0,196299008.0,246396441.6,154281281.9339772,-1040026112.0,-1040026112.0,-1040026112.0,-1040026112.0,-1040026112.0,143268864.0,704042240.0,219976960.0,278131660.8,156405597.4647546,303320064.0,327354112.0,303884032.0,311519402.6666667,11199197.284615874
"[175878912.0, 927894016.0, 312027136.0, 380546742.85714287, 234299668.8757384]","[143916800.0, 471968000.0, 235967616.0, 272604224.0, 106842461.58400257]","[-3663947008.0, 1583955968.0, 195979008.0, -365218230.85714287, 1406735711.9466615]","[-1575964928.0, 351941120.0, 215803520.0, -22136352.0, 608689065.5188508]",175424000.0,431902208.0,224290560.0,246340044.8,73917900.08704524,-19207528960.0,1431845888.0,243910656.0,-1017306894.2222222,4511214489.578148,151755008.0,511855104.0,239280896.0,268259925.33333334,104343006.81590286,-1871821056.0,519949056.0,311867136.0,205148732.2352941,523839023.7657266,151960064.0,516716062976.0,196076032.0,64787609888.0,170812931871.10986,-9040043776.0,463888128.0,215946880.0,-830481024.0,2766360830.986725,-3919976960.0,296098048.0,191810432.0,-362001600.0,1174205665.1940901,168016896.0,424057088.0,223233024.0,251284260.57142857,78767837.95883009,279696896.0,1503993088.0,431955456.0,586642773.3333334,421687427.63926846,176017920.0,335810816.0,239900928.0,238296320.0,55949414.2708242,631851008.0,631851008.0,631851008.0,631851008.0,631851008.0
"[-2031877888.0, 359983104.0, 352009984.0, -164725964.8, 937137142.981152]","[160076032.0, 359980800.0, 236024064.0, 247998784.0, 73758523.76036647]","[128008192.0, 248073984.0, 191922048.0, 186606720.0, 39369395.68609804]","[143975936.0, 407389952.0, 223901952.0, 246620245.33333334, 86608770.96671921]",151954944.0,320066048.0,211959296.0,220867072.0,56783865.28042086,224036096.0,656023040.0,271917056.0,307337728.0,93821730.31802478,-15071456000.0,335935232.0,184540928.0,-3749261568.0,5922618825.71526,240111104.0,624756992.0,319981440.0,341159094.85714287,91302003.25617304,160059904.0,2199691008.0,207913984.0,547886805.3333334,741401865.3237619,160337920.0,488056064.0,280112512.0,284174208.0,105164861.88479841,127383040.0,320050176.0,223879040.0,220580838.4,53286913.80550518,175876096.0,728014080.0,208015104.0,334810221.71428573,203613630.73889527,320599040.0,1769780992.0,457213952.0,689012224.0,543128566.7008451,143920896.0,768065792.0,199957248.0,305590579.2,232697784.77414337,247845120.0,1303885824.0,327917056.0,626549333.3333334,480063481.86128724
"[-119322880.0, 897016064.0, 326631936.0, 347629707.6363636, 225244741.80849975]","[212513024.0, 328137984.0, 270446080.0, 266774710.85714287, 38667988.01029803]","[168381952.0, 535155968.0, 229232128.0, 262541397.33333334, 101411636.86470199]","[233029888.0, 467452160.0, 274914944.0, 289715346.28571427, 57773604.861060485]",-25141818880.0,306651136.0,248760064.0,-2571767734.857143,6807833999.559763,259130880.0,630202112.0,309584128.0,322599381.3333333,69453645.1610419,-3347571968.0,641935104.0,206371840.0,-375046883.5555556,1297559553.121053,284902144.0,336133120.0,307823872.0,310630656.0,16240781.14181148,-8600182016.0,744160000.0,341649152.0,-801996055.2727273,2566542051.373242,276433920.0,860582912.0,353816960.0,434177203.2,184768416.9312224,230897920.0,602850048.0,277616896.0,329731225.6,137916222.69116327,-12949784064.0,1429906944.0,-974997376.0,-2679610005.3333335,4142311008.9240294,168664064.0,380652032.0,223389440.0,251063680.0,69056240.99162893,256641024.0,502132992.0,281668096.0,324484608.0,90153909.71356192,251828992.0,300699904.0,276264448.0,276264448.0,24435456.0
"[-191166976.0, 748726016.0, 358328960.0, 325837824.0, 275432926.9621318]","[197560064.0, 272837888.0, 227742976.0, 230163814.4, 24202297.069790125]","[-5328082944.0, 255873024.0, 232227072.0, -629409450.6666666, 1776665841.7201028]","[210054144.0, 402836992.0, 290273024.0, 284049049.6, 53711059.56488392]",-12887269888.0,474575872.0,221065984.0,-1820440806.4,4150820194.561644,-2528443904.0,360403968.0,302435072.0,49736401.45454545,815700033.3086199,-11206255872.0,534785024.0,230402816.0,-1361454592.0,4020689021.0002627,-4733101056.0,-4733101056.0,-4733101056.0,-4733101056.0,-4733101056.0,-1878740992.0,617053952.0,336052480.0,82949333.33333333,702736405.6658442,219730944.0,918714880.0,340492032.0,375910237.09090906,180100714.81271097,-906359040.0,294928896.0,232074368.0,146417737.14285713,294376421.6012408,-19640766976.0,306683136.0,-1589799936.0,-4282080418.909091,5833363424.8318815,242643968.0,2027918080.0,288104960.0,852889002.6666666,831078285.475171,-1948492800.0,236844032.0,222266368.0,-316779008.0,942090086.9124689,300912896.0,329295872.0,315104384.0,315104384.0,14191488.0
"[-12536053760.0, 407237888.0, 319126016.0, -694637666.4615384, 3420591911.0482125]","[221670912.0, 306898944.0, 276529152.0, 268366336.0, 35269704.02895992]","[160911872.0, 407186944.0, 225426944.0, 238374621.86666667, 60728238.13418136]","[239463936.0, 417309952.0, 271375104.0, 292193564.4444444, 58595972.43502191]",-7920337920.0,494582016.0,250246016.0,-1249599590.4,3080232171.8890843,279219968.0,344820992.0,311069440.0,310165299.2,18052866.912458535,-10299740160.0,322925056.0,221758976.0,-1031044445.0909091,3089769735.1931124,287194880.0,506879232.0,317356544.0,340775648.0,67931242.8100202,279979008.0,465395968.0,353874944.0,362368358.4,59601662.78654026,244059904.0,386115072.0,332124544.0,318704128.0,42300209.315624714,187853056.0,334084096.0,220379904.0,235006370.9090909,43677254.324909694,-13742664960.0,567646208.0,225134080.0,-1725132334.5454545,4108577064.0892644,30713190217.37256,30713190217.37256,30713190217.37256,30713190217.37256,30713190217.37256,-1398526976.0,288411904.0,207361792.0,-300917760.0,776831930.9648663,275545088.0,307209984.0,290035968.0,290517964.8,10223648.327384787
"[-7761472000.0, 963472896.0, 345587968.0, -132152212.21052632, 1864348949.7448027]","[216494848.0, 380151040.0, 306707200.0, 292447385.6, 57901184.05726643]","[195571200.0, 394459904.0, 272346880.0, 272347494.4, 63043981.140465]","[152233216.0, 411027200.0, 230201088.0, 255343299.04761904, 71623176.44720435]",176236032.0,950595072.0,286203392.0,326464016.0,173919044.0841756,242247168.0,578700032.0,316925952.0,330366861.2413793,67426242.79506125,186744832.0,1335975936.0,258950016.0,405657808.0,300141982.77758247,278561024.0,470164224.0,346113024.0,348153728.0,47393445.56933214,-6035651072.0,1828502016.0,318542848.0,-545059179.7894737,1944347025.4375894,260861952.0,755065856.0,331891456.0,391786666.6666667,167783181.8865666,237703936.0,526493952.0,280678912.0,296371509.8947368,64577513.961075924,-10253810176.0,1404093184.0,225678080.0,-1547601033.8461537,3259994713.856071,242097920.0,1092156928.0,359303936.0,564519594.6666666,376151723.990893,237651968.0,1058286080.0,326412032.0,436339507.2,252544849.73213807,-778518016.0,362953984.0,310628864.0,-34978389.333333336,526195693.5484859
"[-27606264832.0, 496754944.0, 358504576.0, -1184797171.2, 6075175358.461236]","[222992896.0, 654648064.0, 279529216.0, 341460077.71428573, 138500048.1652922]","[204784896.0, 842556928.0, 273713920.0, 314624216.61538464, 158247674.76374397]","[156443136.0, 445383936.0, 203769088.0, 229795003.73333332, 72640639.17976017]",179644928.0,1807829760.0,295023488.0,448351175.1111111,416594383.40077454,254853120.0,434263040.0,315080960.0,327870976.0,47335380.235194415,187116032.0,1708873984.0,246515072.0,465119718.4,458041221.18240374,278333952.0,384140032.0,332534784.0,329502190.93333334,32630443.580119025,-18237763072.0,405634816.0,-3069575552.0,-5192619750.4,6377222038.380523,219395840.0,559106048.0,331631104.0,354568680.72727275,86898705.47123507,237733888.0,1140755200.0,314661888.0,372494592.0,227839629.10623434,-2439630080.0,689455104.0,256219904.0,85327138.13333334,720179528.7494057,332158976.0,636470016.0,505716992.0,491448661.3333333,124643468.10397622,259266048.0,752061184.0,358062976.0,403405525.3333333,161914336.2713135,319366912.0,448598016.0,383982464.0,383982464.0,64615552.0
"[292787200.0, 854415104.0, 396825088.0, 436833024.0, 156829177.98285177]","[212251136.0, 373274880.0, 292325504.0, 291952000.0, 53835842.91480859]","[216589824.0, 568076032.0, 313780608.0, 329795520.0, 99236117.05682096]","[172077824.0, 296431872.0, 210833920.0, 209943364.26666668, 27564872.721730225]",228700928.0,547150848.0,290466048.0,322552512.0,96523518.29340263,256589056.0,911052032.0,299977600.0,365612464.0,172361055.06028777,216338944.0,323460096.0,263323520.0,266611520.0,45126350.90627311,288902144.0,439092992.0,348935936.0,350595441.7777778,44257919.70960138,-13532503808.0,1445780992.0,353381504.0,-897050154.6666666,3943679100.6582136,196626944.0,550859008.0,383153152.0,383817910.85714287,121659385.46989329,252448000.0,462010112.0,298045952.0,323483275.6363636,63477247.689553395,-14677626112.0,266151936.0,223343104.0,-2083571613.5384614,4166006199.285005,436058112.0,436058112.0,436058112.0,436058112.0,436058112.0,262110976.0,838748928.0,349048064.0,436667648.0,208965921.08053783,-6377292800.0,356075008.0,323694848.0,-1899174314.6666667,3166535540.6399055
"[175761920.0, 342052096.0, 284015104.0, 286599509.3333333, 40781719.88608325]","[186460928.0, 444028160.0, 255610112.0, 269692160.0, 78748303.93693163]","[193529088.0, 366404096.0, 241277440.0, 257210901.33333334, 51810463.35247935]","[186561024.0, 470575872.0, 240496384.0, 272736076.8, 81933202.57563238]",-15803568896.0,238535168.0,212961024.0,-1243870440.7272727,4604205918.05818,174168064.0,397459968.0,216396032.0,222586203.42857143,40573272.84413771,-10299595008.0,1050137856.0,178928128.0,-3023509674.6666665,5157248292.84001,177274112.0,394870016.0,229617536.0,246680938.66666666,53254221.281227715,-5028244992.0,1165606912.0,361057408.0,-401221888.0,2090000009.3722503,276123904.0,377946880.0,296017152.0,306790034.28571427,32026701.144403357,246688000.0,315954944.0,283465984.0,276694630.4,26598914.411429122,-4051727104.0,284353024.0,217065600.0,-876620288.0,1675181225.6895404,758200064.0,860313088.0,809256576.0,809256576.0,51056512.0,-7369765888.0,175674112.0,-985954816.0,-2499668707.5555553,2672726256.5457087,396326912.0,396326912.0,396326912.0,396326912.0,396326912.0
"[201965056.0, 344288000.0, 267357184.0, 276645222.4, 48553484.52602215]","[195087104.0, 401305856.0, 266003456.0, 285422677.3333333, 74292830.87201114]","[187478016.0, 318334976.0, 236830080.0, 244687436.8, 38147896.72299699]","[218892032.0, 489708032.0, 231906048.0, 283198464.0, 104690447.89954786]",-18106447872.0,272446976.0,213309824.0,-1306931008.0,5065289528.981765,192655104.0,383361024.0,217082880.0,224623533.41935483,34172031.30002531,-8705613056.0,235381760.0,208462080.0,-2753923072.0,4208494696.5652905,202216192.0,261613056.0,225950080.0,226797909.33333334,21112213.00747043,-3320055040.0,330648064.0,322224896.0,-1112047001.6,1763747633.7264328,278640128.0,349829888.0,311448064.0,312308787.2,24803730.77682712,247553024.0,380558080.0,290069376.0,302062464.0,48541050.516508274,-22360937984.0,-3325756160.0,-18599963136.0,-14762219093.333334,8231271520.688754,225489920.0,588466176.0,406978048.0,406978048.0,181488128.0,-12551054080.0,244228864.0,-7613184.0,-1492542236.4444444,3930799593.314565,294552064.0,2229970176.0,334654976.0,710474291.2,760061827.6466398
"[250082048.0, 304727040.0, 256934016.0, 267169280.0, 22291675.088454343]","[209796096.0, 371027968.0, 277169920.0, 280316928.0, 52206226.04093534]","[110073856.0, 285029888.0, 202475008.0, 202707130.1818182, 42353209.886525065]","[212033024.0, 416480000.0, 231324544.0, 269900134.4, 69376916.95979227]",73948928.0,269091072.0,218155008.0,215371724.8,39588730.8644801,186127104.0,328205056.0,217303936.0,225296512.0,30265039.7478459,-4198116096.0,162547968.0,-895426560.0,-1456605312.0,1676465441.5821316,221184000.0,263084032.0,233139200.0,239506066.2857143,15962638.46566509,315048192.0,826076928.0,334742016.0,432164181.3333333,183718290.72548056,257165056.0,364368896.0,320870144.0,314781509.8181818,32497852.533603653,220086016.0,269935104.0,236922880.0,240966720.0,18102684.112856194,244030208.0,1176800000.0,259628544.0,485021824.0,399580001.16537726,217200896.0,299397120.0,258299008.0,258299008.0,41098112.0,-14212930048.0,278757888.0,-465774848.0,-2078158001.2307692,4118227293.8099346,134693980584.6222,134693980584.6222,134693980584.6222,134693980584.6222,134693980584.6222
"[-3782929920.0, 464357888.0, 163678976.0, -107888655.51515152, 724435275.3173356]","[122758144.0, 518084864.0, 198447104.0, 211860715.92156863, 63324271.078893885]","[118716928.0, 1022205952.0, 196330112.0, 220141426.2857143, 122213629.55960323]","[158936064.0, 288683008.0, 196661504.0, 206852650.66666666, 30493976.78124235]",133417216.0,430777088.0,188218880.0,195020120.13114753,44106191.24789936,182189824.0,408813824.0,236831232.0,245776708.05063292,37183604.68849163,-10434248960.0,439187968.0,143227008.0,-1161687196.4444444,2727202650.1160583,152118784.0,335525120.0,230676992.0,229174437.41538462,35955496.447869584,-32470700800.0,319395072.0,229683968.0,-1195052985.6,5277901559.657865,180025856.0,617918208.0,234735616.0,245978325.33333334,75710669.68247567,139267072.0,327601152.0,203268864.0,210780910.1395349,37479803.47779657,-25568322048.0,547623936.0,191064064.0,-1250916101.2244897,4137292847.001363,148274176.0,447965184.0,234580992.0,247534625.03225806,62207979.182596534,-26295602944.0,269848064.0,180544000.0,-2888040868.1025643,6992231706.974687,-7581027840.0,366642944.0,252069120.0,-657658058.1052631,2079368357.379782
"[-3040380928.0, 656578816.0, 175235456.0, 89206610.28571428, 528437385.0474428]","[119719936.0, 350955008.0, 192700928.0, 199721384.58536586, 55501644.119326055]","[112180992.0, 601883136.0, 195392128.0, 209729842.08695653, 73981222.59652315]","[-952614144.0, 388236032.0, 188801024.0, 151785657.72549018, 207373218.18257844]",122875136.0,367158784.0,192282112.0,197411680.6037736,45264126.254805356,173145856.0,389212928.0,239650048.0,241355715.4408602,31607047.64150732,-43306061056.0,257586176.0,175528960.0,-1605056737.28,8513522654.02119,170050048.0,645098752.0,222802816.0,236826548.36363637,72431500.59536977,-7797000960.0,662717952.0,254521984.0,-59382761.4117647,1456402304.5769215,-2418341888.0,616988928.0,234456064.0,172256812.8,421613566.8172652,106564096.0,698324992.0,224446720.0,242653093.6470588,99087379.84343693,-16176046080.0,622963968.0,205009024.0,-486234412.5217391,2681481716.032413,-28480734976.0,381138944.0,202680064.0,-2231978192.0,7012086170.512623,-34361601024.0,302365952.0,210297088.0,-1696842417.2307692,6748324826.917098,-10517993984.0,313395968.0,211683584.0,-1542903146.6666667,3192003730.6226306
"[139338240.0, 261955072.0, 174991872.0, 189628928.0, 37918892.84074029]","[155354880.0, 369645056.0, 195456000.0, 217968782.2222222, 61017990.578756206]","[125317120.0, 931296000.0, 192115456.0, 233699123.2, 163958969.98099023]","[155688960.0, 372433920.0, 200030208.0, 208543497.4814815, 41385347.10641468]",133152768.0,283303936.0,186856960.0,194893383.68,33004519.3746764,183262976.0,299533056.0,237144960.0,240463624.0,31359346.319618843,-8493529088.0,256845824.0,149542144.0,-1464414003.2,2983808203.520867,189341952.0,256018176.0,211056512.0,215158570.66666666,20065105.053066254,-550374144.0,407126016.0,265103872.0,181526135.46666667,271163225.97813505,147340032.0,458984960.0,221211904.0,253761815.27272728,83223732.86702326,131853056.0,238223104.0,201961472.0,199061760.0,28847165.92290397,-4214448128.0,1008037888.0,212486016.0,4346240.0,1040062960.5911796,204132096.0,309027072.0,261780992.0,258313386.66666666,42893334.467187054,-9572251136.0,256169984.0,220044032.0,-1904037997.7142856,3597669541.6412296,254519040.0,323196928.0,288857984.0,288857984.0,34338944.0
"[167747072.0, 320029952.0, 275592960.0, 273346192.0, 37146266.76109716]","[95232000.0, 319911936.0, 160187136.0, 175827549.0909091, 64259458.83873962]","[111986176.0, 239488000.0, 175976960.0, 170092113.92, 32843268.124424055]","[182909184.0, 424051200.0, 207931520.0, 219287808.0, 58219996.99933997]",168016128.0,248564992.0,199254016.0,198778282.66666666,19006898.52734036,119620096.0,208081920.0,167990784.0,169673363.3939394,21157287.512804553,-335920128.0,432387072.0,159744000.0,155126988.8,154443730.92536905,136331008.0,311975168.0,184207872.0,192408184.47058824,40295818.59543304,192001792.0,360596992.0,231429504.0,231545884.44444445,35073007.204341814,207451904.0,240072960.0,211836032.0,218981376.0,13346497.00708257,112068864.0,400009984.0,175633920.0,190946748.63157895,77810132.75950232,88012032.0,271465984.0,152002816.0,157864826.4347826,42067687.503267124,128236800.0,400321024.0,152779008.0,192378112.0,88208458.57579847,-12735666944.0,264529920.0,175627008.0,-1104044569.6,3877360693.423531,248058880.0,488144896.0,263929088.0,305504409.6,91677005.76711291
"[231809024.0, 631761152.0, 279869312.0, 298812800.0, 89768007.51662602]","[200175104.0, 200175104.0, 200175104.0, 200175104.0, 200175104.0]","[119997952.0, 319982080.0, 160066048.0, 178637568.0, 58764463.51107903]","[183648000.0, 240108800.0, 215236864.0, 211284406.85714287, 15983165.788170964]",183880960.0,216361984.0,191916800.0,197772706.9090909,11908187.34609118,134267904.0,344059136.0,187680512.0,191650403.55555555,47935912.87243337,127991040.0,327817984.0,192365056.0,197092790.85714287,61934975.14802022,135872000.0,328389120.0,167762944.0,193800647.1111111,65316829.31242399,191219200.0,255485184.0,215956992.0,217023078.4,22396950.338306345,199858944.0,247889920.0,231792896.0,226932935.1111111,13393473.916473903,111900928.0,191646976.0,151952896.0,154089355.63636363,22848876.60498469,104011008.0,239076096.0,191590016.0,183887616.0,37888792.06748288,119474176.0,207779840.0,127947008.0,151733674.66666666,39781291.305952325,151351040.0,232043008.0,201848576.0,196772800.0,35740758.08963072,239649024.0,800252928.0,291777024.0,405864000.0,230849023.4804348
"[-119853056.0, 1040193024.0, 279473920.0, 362996260.5714286, 336306604.1088806]","[113243136.0, 232347904.0, 179755392.0, 173129760.0, 39367322.60687038]","[136621056.0, 248436992.0, 160040960.0, 179212192.0, 38702311.80879116]","[191426816.0, 224711168.0, 207857920.0, 207834002.2857143, 13055792.458976293]",151257088.0,423946240.0,214650112.0,232015067.42857143,82560636.56146787,127822080.0,208003072.0,173425920.0,170289544.53333333,23199285.632734947,143540992.0,213564928.0,167060992.0,174722304.0,29095929.605405085,152699136.0,216232960.0,190956416.0,188766165.33333334,19271857.71163782,199774976.0,232769024.0,216272000.0,216272000.0,16497024.0,208008192.0,296208896.0,261767168.0,257014067.2,29240839.04845987,112052992.0,248302848.0,175909888.0,179438518.85714287,32817748.52270463,151421952.0,399779840.0,191561984.0,218022306.9090909,75224572.8061061,176669952.0,176669952.0,176669952.0,176669952.0,176669952.0,175855104.0,190461952.0,184174080.0,183497045.33333334,5982406.654999716,295195904.0,295195904.0,295195904.0,295195904.0,295195904.0
"[184619008.0, 672359936.0, 255907072.0, 278808757.3333333, 94481745.03333962]","[170902016.0, 443543040.0, 189757952.0, 280217804.8, 121829048.36214218]","[156544000.0, 256169984.0, 189882880.0, 191852946.2857143, 26458628.0854583]","[177075200.0, 279632896.0, 202192384.0, 211290240.0, 27616417.906434387]",-11899394048.0,315578880.0,207920128.0,-606775619.3684211,2772975399.219992,194609152.0,408793088.0,238396160.0,245833240.77419356,42425958.30245749,-9675844864.0,151021056.0,-7593171456.0,-6722468684.8,3250995543.165825,194764032.0,303811072.0,257840896.0,255912192.0,32845816.038019847,251435008.0,348154880.0,283589888.0,285597732.5714286,30474525.08574134,144467968.0,399155968.0,254425088.0,260908409.2631579,60027597.09166709,152604928.0,282377984.0,172461440.0,191514784.0,41354896.27904411,-2066931968.0,262754048.0,176341504.0,-187479808.0,759701411.3369925,187320064.0,304255232.0,233844608.0,238267392.0,34446078.55563398,-4980141824.0,179283968.0,-2400428928.0,-2400428928.0,2579712896.0,-6415668992.0,-603719936.0,-3136046080.0,-3338386464.0,1813093635.9726818
"[164685056.0, 1045542912.0, 260031104.0, 288329173.3333333, 164899789.67620212]","[167243776.0, 393487104.0, 196075776.0, 242542899.2, 84699960.62251478]","[144462080.0, 426583040.0, 180366848.0, 209611636.36363637, 78610970.91833639]","[71483904.0, 379958784.0, 222841856.0, 224473972.36363637, 90157341.02314435]",-9284087808.0,522984960.0,209179008.0,-399417472.0,2075608677.6888595,181959936.0,326493952.0,242333568.0,240347818.66666666,35011295.90693868,-12696634112.0,-306529792.0,-2916534528.0,-3922554592.0,3615372766.829873,186746112.0,384738048.0,266349568.0,270345536.0,59508699.69489893,145190144.0,409144064.0,279873024.0,282432568.8888889,69111934.73572373,151507968.0,455537920.0,255847552.0,263652014.54545453,77019063.2313229,164190976.0,385850112.0,215904000.0,230756693.33333334,61040168.07783424,-6610416128.0,278298880.0,173094912.0,-1126860357.8181818,2429739236.8101497,196036096.0,551010816.0,241202432.0,307362944.0,142923090.40229905,-11365913088.0,-423360000.0,-6417876992.0,-6502214809.6,3639578156.5046334,-11841975040.0,-798053888.0,-3518074112.0,-4415788185.6,3664774962.9567366
"[-422503936.0, 1015956992.0, 260986880.0, 263041587.2, 209840274.21872106]","[144221952.0, 276347904.0, 155494912.0, 182889920.0, 54339090.710269935]","[116045056.0, 297989888.0, 180693888.0, 191461427.2, 48496689.755487986]","[145652992.0, 333105152.0, 228227072.0, 230466611.2, 53938559.667032026]",127880960.0,291759104.0,219568000.0,219311897.6,41816190.84207621,178648064.0,815246848.0,228253184.0,246857289.14285713,101334403.03335223,-9698838784.0,136483072.0,-4212585600.0,-4606919072.0,3496635860.2484493,220477184.0,284419840.0,247132928.0,252132681.14285713,22250647.83668248,221786880.0,459322112.0,255372032.0,285225691.4285714,76224193.92270772,111369984.0,431398144.0,276953600.0,279208366.54545456,75028820.47389075,163599872.0,613800192.0,196846848.0,237580856.8888889,136081059.8867027,-5273508864.0,252423936.0,159863040.0,-1317827214.2222223,2167552257.321891,213563136.0,308591104.0,225857024.0,249337088.0,42198449.65268533,-3393746944.0,-1591180800.0,-3128665088.0,-2638180198.4,743420624.0781549,-10682646016.0,240353024.0,-1944425472.0,-2658767680.0,3016510384.681304
"[135287040.0, 976445952.0, 302732800.0, 412811613.09090906, 272835805.1686076]","[95461888.0, 463368192.0, 196089344.0, 200719539.2, 75016202.47987477]","[120638976.0, 1175956992.0, 188188032.0, 312114352.0, 278901038.1051178]","[-825236992.0, 757378816.0, 252449024.0, 220954419.2, 306873267.85243475]",63087104.0,343371008.0,242150528.0,240172811.63636363,47857097.09747814,196647168.0,1661377024.0,227766016.0,292464476.16,280891592.67654353,-48178366208.0,333021952.0,-6908342400.0,-12047728224.0,14209084168.079403,217664000.0,261278976.0,238840960.0,236584576.0,13659203.511340769,266123008.0,340090112.0,280597504.0,291852032.0,29730065.226037566,159931904.0,326470144.0,255722880.0,253996512.0,42665504.09645863,164083200.0,211750144.0,172876416.0,183443251.2,17342097.591518994,139815936.0,541992960.0,225224960.0,237811683.55555555,112150955.11038348,163694848.0,404802048.0,251003008.0,267625728.0,93052979.56667292,-5649579008.0,378757888.0,-1535536896.0,-1789150361.6,2080954260.6585226,283465984.0,618462976.0,386471168.0,429466709.3333333,140100460.6063611
"[125142784.0, 257612032.0, 157982208.0, 173773653.33333334, 44505499.13017553]","[83588096.0, 303780096.0, 147915008.0, 161565542.4, 57460497.1916141]","[148566016.0, 544434944.0, 167372032.0, 209543330.9090909, 110073059.94912006]","[235910912.0, 312184064.0, 256312064.0, 261122422.15384614, 18111845.101904135]",220827136.0,266611968.0,240444160.0,240342874.3529412,10544471.862248518,199676928.0,625149952.0,231741952.0,252527669.33333334,84102193.29651521,-5704878848.0,230096896.0,-215399040.0,-1778690304.0,2396613632.487727,189850112.0,284134912.0,216936960.0,226542876.44444445,27153883.777474742,259411968.0,327990016.0,287279104.0,291560362.6666667,28160066.864276174,163383040.0,462114048.0,266572032.0,273105943.27272725,79125755.99103512,159677952.0,209540096.0,189381120.0,189330176.0,16345942.268903384,119184128.0,221980928.0,197168128.0,192129450.66666666,27578220.988766044,139842048.0,178321920.0,150750592.0,154916288.0,14845122.798059706,-11880850944.0,300224000.0,-1573634176.0,-3849548160.0,4680322457.858348,264665088.0,2458010112.0,309120896.0,658569770.6666666,805096062.209801
"[-27815168.0, 285967104.0, 179141120.0, 165521058.9090909, 74636907.61860682]","[81072128.0, 545974016.0, 227621120.0, 264604074.66666666, 160132647.10836655]","[123479040.0, 212808960.0, 172532992.0, 175600197.8181818, 26693643.56004959]","[237242112.0, 510642176.0, 259107072.0, 280941265.45454544, 74224403.29958102]",193095168.0,906865920.0,230790912.0,259474383.23809522,145620324.82187435,189560064.0,302953216.0,223102976.0,227270881.88235295,25913245.676496673,-6541192960.0,423675136.0,-1280324480.0,-1785199155.2,2196775875.17938,202566912.0,255807232.0,225541888.0,230694769.7777778,16768316.477767348,255496960.0,293165824.0,265601536.0,269966464.0,14216088.829417463,132507904.0,339388928.0,271060992.0,255204514.9090909,58995339.11623899,140093952.0,336310016.0,200471552.0,220431808.0,67433454.4663698,187888896.0,322530048.0,252961024.0,251601298.2857143,42232373.08736385,305241856.0,339887104.0,322564480.0,322564480.0,17322624.0,-7728311808.0,193442816.0,-2022235136.0,-2604948480.0,2800939093.0089407,269517056.0,274025984.0,271771520.0,271771520.0,2254464.0
"[-4155427072.0, 640712960.0, 204054528.0, -390559786.6666667, 1369743814.1043468]","[160779008.0, 246313984.0, 206573568.0, 205060032.0, 40447814.70757559]","[156075008.0, 600155904.0, 226557952.0, 271598116.5714286, 141274747.7108398]","[179092992.0, 265251072.0, 233255040.0, 230413542.4, 26227976.25109062]",168312064.0,271043072.0,224225024.0,221128704.0,36888563.17575714,150208000.0,344464128.0,197451008.0,206235060.70588234,47946939.36004496,-3440769792.0,235544064.0,179089152.0,-997536512.0,1525948412.1101995,192891904.0,402398976.0,252008448.0,267984128.0,68774309.98462996,-3330522880.0,449220096.0,227364864.0,-71248081.45454545,1034148476.6654398,176110080.0,330394880.0,257260032.0,255256256.0,55782333.83687678,127757824.0,254104832.0,170484992.0,172808649.14285713,35894932.7232378,208715008.0,482779904.0,292901888.0,328132266.6666667,114626281.13604733,30713190217.37256,30713190217.37256,30713190217.37256,30713190217.37256,30713190217.37256,-11211822080.0,-2002423040.0,-6607122560.0,-6607122560.0,4604699520.0,179600128.0,310995968.0,279494016.0,262396032.0,53402769.787686184
"[-677839872.0, 277293824.0, 167303040.0, 77166624.0, 289216049.7488977]","[166928896.0, 260267008.0, 212510976.0, 207110553.6, 34756065.27402793]","[103435008.0, 202547200.0, 182391040.0, 176404024.8888889, 28817963.766503252]","[58465024.0, 287828992.0, 220631424.0, 207928192.0, 62452106.70262889]",67854080.0,244628992.0,183390976.0,177238880.0,49663429.47333122,132273920.0,538510848.0,213026432.0,223485044.36363637,79524752.09604916,-2069969152.0,271810048.0,184246912.0,-100860697.6,677181563.919462,182301952.0,242893056.0,220558976.0,214123212.8,18453737.997091413,-7974063872.0,316316928.0,199252992.0,-1873441652.3636363,2713193231.675561,234762240.0,327529984.0,280299392.0,280722752.0,36643583.975576185,131692032.0,2755940864.0,197410048.0,434323473.06666666,686589044.1795746,-2387417088.0,263282944.0,193570816.0,-675393472.0,1162039693.6287296,243883776.0,243883776.0,243883776.0,243883776.0,243883776.0,130533120.0,179842048.0,179080960.0,163152042.66666666,23067154.147350173,189306880.0,232956160.0,205249408.0,207012821.33333334,14442159.337665573
"[-7045213184.0, 179833856.0, 136272896.0, -1469704627.2, 2351962450.71654]","[170508032.0, 287833856.0, 202419456.0, 215795200.0, 47625969.100068085]","[172189952.0, 467923200.0, 199132032.0, 259594304.0, 121915540.18736479]","[193203968.0, 849558016.0, 258094848.0, 316148878.2222222, 190400544.9254425]",129408000.0,243977216.0,172564992.0,181129472.0,30194894.93473549,155601920.0,243981056.0,181651968.0,191433728.0,28478437.06526359,141144064.0,277498112.0,190446464.0,203072608.0,40415891.27260751,195299072.0,262964992.0,222110464.0,224052768.0,20340659.73261477,-6233209088.0,369615872.0,189497088.0,-1509909174.857143,2800483874.5524716,186866944.0,511596032.0,270548480.0,294517862.4,106700282.51987836,130898944.0,275698944.0,176382592.0,185556608.0,40253093.66558718,-4204169984.0,713676032.0,-779965056.0,-1336617792.0,1827627875.3802295,30713190217.37256,30713190217.37256,30713190217.37256,30713190217.37256,30713190217.37256,-2090776064.0,293414912.0,230488576.0,-334096000.0,1014546933.3851691,134693980584.6222,134693980584.6222,134693980584.6222,134693980584.6222,134693980584.6222
"[171209984.0, 427166976.0, 199278592.0, 237720396.8, 82805388.82426079]","[204624128.0, 382353920.0, 225385472.0, 247024320.0, 54952429.211971186]","[161886976.0, 295046144.0, 213142016.0, 217866538.66666666, 40895918.37515763]","[261465088.0, 508214784.0, 282413824.0, 350697898.6666667, 111709114.09798601]",240124928.0,413318144.0,271878016.0,292773504.0,53104726.22144948,225211136.0,435895040.0,286287104.0,287674327.57894737,54348036.17999578,162212096.0,471991040.0,196675840.0,240447146.66666666,106407103.72233018,324385024.0,496669952.0,410527488.0,410527488.0,86142464.0,232625920.0,648986112.0,258546944.0,380052992.0,190458643.1853434,280914944.0,505052928.0,372109056.0,386025642.6666667,92031561.63778524,151404800.0,282262016.0,220884352.0,214770048.0,41442857.74530593,226096128.0,308154112.0,269099008.0,266508873.14285713,25842515.21428102,284079872.0,284079872.0,284079872.0,284079872.0,284079872.0,186862080.0,222308096.0,210891904.0,207738496.0,13460086.08446053,263307008.0,918310144.0,342818560.0,413685408.0,195363857.11115316
"[168363008.0, 592014848.0, 217122048.0, 318660309.3333333, 170164047.4907241]","[164080896.0, 348205056.0, 230835072.0, 243489024.0, 67731600.75964211]","[215912192.0, 281299968.0, 224612096.0, 240608085.33333334, 28991884.71073275]","[257607936.0, 301452032.0, 280734848.0, 280132416.0, 18629047.74184145]",248116992.0,315870976.0,263318016.0,272761395.2,24224364.46491136,226344960.0,318551040.0,272337024.0,272192934.4,27762761.032335337,175703040.0,398182912.0,213165568.0,248361504.0,77491218.61247876,293534976.0,293534976.0,293534976.0,293534976.0,293534976.0,237679872.0,365222912.0,317984000.0,304008755.2,45776542.356085666,338720000.0,1685411840.0,1012065920.0,1012065920.0,673345920.0,201755904.0,758190080.0,263730432.0,338281600.0,192708699.13015756,227431936.0,280048896.0,235205888.0,247562240.0,23189734.740057264,224091904.0,224091904.0,224091904.0,224091904.0,224091904.0,181513984.0,207267072.0,197918976.0,195566677.33333334,10644415.347866297,215080192.0,461500928.0,311769088.0,339993417.14285713,93150086.57769981
"[160237824.0, 226563840.0, 200980352.0, 197190592.0, 29317824.334326584]","[198094080.0, 452306944.0, 239073024.0, 267986790.4, 93680716.41137268]","[222511104.0, 394322944.0, 308417024.0, 308417024.0, 85905920.0]","[162470912.0, 250398976.0, 247848960.0, 220239616.0, 40861905.78668414]",128228096.0,395034880.0,276889856.0,276280490.6666667,62951193.65584191,243159040.0,373780992.0,277168128.0,280754287.3043478,30484146.164562043,159262976.0,326374144.0,178544896.0,199603675.42857143,52912644.56402855,259092992.0,259092992.0,259092992.0,259092992.0,259092992.0,212389120.0,285643008.0,261046400.0,257682304.0,23467328.675384592,202000128.0,346264832.0,293821952.0,287412433.45454544,47686700.388377324,185350912.0,465584896.0,227764992.0,249266618.1818182,75728478.11125325,184982016.0,278329856.0,254701056.0,239367204.57142857,31741886.537402328,239088128.0,327311872.0,283200000.0,283200000.0,44111872.0,162673920.0,425561088.0,174296576.0,213947520.0,94783034.40269443,205644032.0,737093120.0,359105024.0,384442009.6,189492464.82085136
