P,Key.caps_lock,1719717503096060000
R,Key.caps_lock,1719717503132648000
P,'T',1719717503134233000
R,'T',1719717503183483000
P,Key.caps_lock,1719717503183850000
R,Key.caps_lock,1719717503183907000
P,'h',1719717503349883000
R,'h',1719717503393307000
P,'i',1719717503615160000
R,'i',1719717503695249000
P,'s',1719717503741427000
R,'s',1719717503830371000
P,Key.space,1719717504005226000
R,Key.space,1719717504079795000
P,'w',1719717508940363000
R,'w',1719717509015804000
P,'a',1719717509141538000
P,'s',1719717509285534000
R,'a',1719717509346614000
R,'s',1719717509427547000
P,Key.space,1719717509510089000
R,Key.space,1719717509590104000
P,'v',1719717509831144000
R,'v',1719717509911078000
P,'e',1719717510055672000
P,'r',1719717510255970000
R,'e',1719717510263735000
R,'r',1719717510359711000
P,'y',1719717510643215000
R,'y',1719717510708084000
P,Key.space,1719717510824620000
R,Key.space,1719717510892489000
P,'m',1719717511504345000
R,'m',1719717511600780000
P,'o',1719717511703730000
R,'o',1719717511754422000
P,'t',1719717511847673000
R,'t',1719717511936068000
P,'i',1719717512031123000
R,'i',1719717512095409000
P,'v',1719717512231740000
R,'v',1719717512319829000
P,'s',1719717512571584000
R,'s',1719717512611184000
P,'t',1719717512737642000
R,'t',1719717512783004000
P,Key.backspace,1719717513545671000
R,Key.backspace,1719717513627224000
P,Key.backspace,1719717513841563000
R,Key.backspace,1719717513922115000
P,'a',1719717514327900000
R,'a',1719717514431929000
P,'t',1719717514616546000
R,'t',1719717514688028000
P,'i',1719717514918839000
R,'i',1719717514990897000
P,'o',1719717515089547000
R,'o',1719717515165664000
P,'n',1719717515258900000
R,'n',1719717515338839000
P,'a',1719717515415745000
R,'a',1719717515494121000
P,'l',1719717515582365000
R,'l',1719717515636706000
P,'.',1719717515855209000
R,'.',1719717515927242000
P,Key.space,1719717516055943000
R,Key.space,1719717516127968000
P,Key.caps_lock,1719717516436976000
R,Key.caps_lock,1719717516499290000
P,'P',1719717516598707000
R,'P',1719717516688137000
P,Key.caps_lock,1719717516781214000
R,Key.caps_lock,1719717516781395000
P,Key.backspace,1719717517240755000
R,Key.backspace,1719717517306703000
P,Key.backspace,1719717517407027000
R,Key.backspace,1719717517492559000
P,Key.backspace,1719717517944469000
R,Key.backspace,1719717518009745000
P,"','",1719717518483084000
R,"','",1719717518561514000
P,Key.space,1719717518630355000
R,Key.space,1719717518714308000
P,Key.caps_lock,1719717518941157000
R,Key.caps_lock,1719717518944008000
P,'P',1719717518944789000
R,'P',1719717519005372000
P,Key.caps_lock,1719717519059527000
R,Key.caps_lock,1719717519061559000
P,Key.backspace,1719717519441194000
R,Key.backspace,1719717519516525000
P,'p',1719717520015606000
R,'p',1719717520091048000
P,'a',1719717520142440000
R,'a',1719717520243958000
P,'r',1719717520446323000
R,'r',1719717520549647000
P,'t',1719717520716282000
R,'t',1719717520799359000
P,'i',1719717520924084000
R,'i',1719717520996306000
P,'c',1719717521111085000
R,'c',1719717521210806000
P,'u',1719717521338241000
R,'u',1719717521402897000
P,'l',1719717521545978000
P,'a',1719717521635892000
R,'l',1719717521636547000
R,'a',1719717521746002000
P,'r',1719717521890724000
R,'r',1719717521986358000
P,'l',1719717522771139000
R,'l',1719717522823018000
P,'y',1719717523094019000
R,'y',1719717523152318000
P,Key.space,1719717523258645000
R,Key.space,1719717523339111000
P,'w',1719717523405937000
R,'w',1719717523501430000
P,'h',1719717523546162000
R,'h',1719717523610230000
P,'e',1719717523925110000
R,'e',1719717524017094000
P,'r',1719717524138182000
R,'r',1719717524207824000
P,'e',1719717524312798000
R,'e',1719717524396774000
P,Key.space,1719717524476055000
R,Key.space,1719717524549219000
P,'t',1719717524850074000
R,'t',1719717524930519000
P,'h',1719717525022738000
R,'h',1719717525100980000
P,'e',1719717525106787000
R,'e',1719717525203404000
P,Key.space,1719717525240409000
R,Key.space,1719717525311622000
P,'s',1719717525458999000
R,'s',1719717525552405000
P,'t',1719717525678862000
R,'t',1719717525745809000
P,'u',1719717525923113000
R,'u',1719717525991705000
P,'d',1719717526028772000
P,'e',1719717526152720000
R,'d',1719717526163049000
R,'e',1719717526256727000
P,'n',1719717526335890000
R,'n',1719717526409948000
P,'t',1719717526608801000
R,'t',1719717526666413000
P,'s',1719717526726566000
R,'s',1719717526811660000
P,Key.space,1719717526918569000
R,Key.space,1719717526979780000
P,'l',1719717543589595000
R,'l',1719717543650598000
P,'o',1719717543834363000
R,'o',1719717543896048000
P,'o',1719717543978227000
R,'o',1719717544086894000
P,'k',1719717544196146000
R,'k',1719717544267805000
P,Key.space,1719717544410738000
R,Key.space,1719717544488330000
P,'a',1719717545115374000
R,'a',1719717545260650000
P,'t',1719717545304695000
R,'t',1719717545372322000
P,Key.space,1719717545473718000
R,Key.space,1719717545561791000
P,'t',1719717545729719000
R,'t',1719717545781974000
P,'h',1719717545894451000
R,'h',1719717545958435000
P,'e',1719717545970342000
R,'e',1719717546050226000
P,Key.space,1719717546098529000
R,Key.space,1719717546170710000
P,'s',1719717546275580000
R,'s',1719717546381843000
P,'e',1719717546519426000
R,'e',1719717546609950000
P,'n',1719717546763813000
R,'n',1719717546843794000
P,'a',1719717547003999000
R,'a',1719717547128012000
P,'r',1719717547392644000
R,'r',1719717547474638000
P,'i',1719717547667584000
R,'i',1719717547727303000
P,'o',1719717547837724000
R,'o',1719717547932384000
P,Key.space,1719717548119014000
R,Key.space,1719717548196998000
P,'n',1719717550606306000
R,'n',1719717550682153000
P,'o',1719717550819974000
R,'o',1719717550878769000
P,'t',1719717550909794000
R,'t',1719717550986034000
P,Key.space,1719717551072070000
R,Key.space,1719717551141768000
P,'j',1719717551339165000
R,'j',1719717551390376000
P,'u',1719717551507798000
R,'u',1719717551572604000
P,'s',1719717551627460000
R,'s',1719717551723653000
P,'t',1719717551833604000
R,'t',1719717551892796000
P,Key.space,1719717552022868000
R,Key.space,1719717552095023000
P,'l',1719717552464663000
R,'l',1719717552532449000
P,'i',1719717552652636000
R,'i',1719717552725390000
P,'k',1719717552822465000
P,'e',1719717552878452000
R,'k',1719717552896426000
R,'e',1719717552978403000
P,Key.space,1719717553046907000
R,Key.space,1719717553126636000
P,'a',1719717553257165000
R,'a',1719717553373004000
P,Key.space,1719717553445631000
R,Key.space,1719717553517813000
P,'w',1719717553822307000
R,'w',1719717553918278000
P,'a',1719717554042467000
R,'a',1719717554154363000
P,'y',1719717554302405000
R,'y',1719717554381589000
P,Key.space,1719717555202481000
R,Key.space,1719717555273786000
P,'t',1719717555770657000
R,'t',1719717555850312000
P,'o',1719717555950791000
R,'o',1719717556031081000
P,Key.space,1719717556150899000
R,Key.space,1719717556223742000
P,'p',1719717556542363000
R,'p',1719717556651980000
P,'u',1719717556763642000
R,'u',1719717556855981000
P,'s',1719717556949547000
R,'s',1719717557050840000
P,'h',1719717557165548000
R,'h',1719717557232066000
P,Key.space,1719717557348971000
R,Key.space,1719717557427341000
P,'t',1719717557699482000
R,'t',1719717557777335000
P,'h',1719717557865385000
R,'h',1719717557949523000
P,'e',1719717557976275000
R,'e',1719717558060385000
P,'m',1719717559133828000
R,'m',1719717559204597000
P,Key.space,1719717559336589000
R,Key.space,1719717559410158000
P,Key.backspace,1719717559962590000
R,Key.backspace,1719717560017392000
P,'s',1719717560204524000
R,'s',1719717560295628000
P,'e',1719717560422808000
R,'e',1719717560521799000
P,'l',1719717560567137000
R,'l',1719717560652254000
P,'v',1719717560792947000
R,'v',1719717560867902000
P,'e',1719717560993220000
R,'e',1719717561113188000
P,'s',1719717561249331000
R,'s',1719717561359964000
P,Key.space,1719717561522442000
R,Key.space,1719717561594911000
P,'h',1719717562041103000
P,'a',1719717562081233000
R,'h',1719717562083854000
R,'a',1719717562190311000
P,'r',1719717562353820000
R,'r',1719717562437760000
P,'d',1719717562551800000
R,'d',1719717562639191000
P,'e',1719717562775229000
P,'r',1719717562979243000
R,'e',1719717563007582000
R,'r',1719717563093776000
P,Key.space,1719717563686851000
R,Key.space,1719717563755528000
P,'b',1719717563958107000
R,'b',1719717564031115000
P,'u',1719717564175439000
R,'u',1719717564234047000
P,'t',1719717564276937000
R,'t',1719717564351011000
P,Key.space,1719717564422107000
R,Key.space,1719717564483846000
P,'a',1719717564743798000
R,'a',1719717564868344000
P,'l',1719717564910600000
R,'l',1719717564979374000
P,'s',1719717565032127000
R,'s',1719717565119042000
P,'o',1719717565198083000
R,'o',1719717565271296000
P,Key.space,1719717565393153000
R,Key.space,1719717565469474000
P,'i',1719717566148015000
R,'i',1719717566220079000
P,'n',1719717566316755000
R,'n',1719717566393243000
P,Key.space,1719717566498581000
R,Key.space,1719717566578520000
P,'a',1719717566656465000
R,'a',1719717566759180000
P,Key.space,1719717566824571000
R,Key.space,1719717566879907000
P,'w',1719717567745791000
R,'w',1719717567813605000
P,'a',1719717567942042000
R,'a',1719717568032969000
P,'y',1719717568281110000
R,'y',1719717568337773000
P,Key.space,1719717568466587000
R,Key.space,1719717568541143000
P,'s',1719717569641627000
R,'s',1719717569734305000
P,'u',1719717569818582000
R,'u',1719717569872667000
P,'c',1719717569976853000
R,'c',1719717570075511000
P,'h',1719717570171945000
R,'h',1719717570251553000
P,Key.space,1719717570358436000
R,Key.space,1719717570446282000
P,'t',1719717570595258000
R,'t',1719717570661983000
P,'h',1719717570772897000
P,'a',1719717570796643000
R,'h',1719717570852750000
R,'a',1719717570916741000
P,'t',1719717571029218000
R,'t',1719717571108826000
P,Key.space,1719717571233395000
R,Key.space,1719717571313432000
P,'e',1719717572017277000
R,'e',1719717572105559000
P,'v',1719717572239007000
R,'v',1719717572323334000
P,'e',1719717572442319000
R,'e',1719717572549162000
P,'n',1719717572608390000
R,'n',1719717572687386000
P,Key.space,1719717572779788000
R,Key.space,1719717572875186000
P,'o',1719717575237023000
R,'o',1719717575308845000
P,'t',1719717575560311000
R,'t',1719717575608161000
P,'h',1719717575722514000
R,'h',1719717575799759000
P,'e',1719717575823420000
P,'r',1719717575937739000
R,'e',1719717575989396000
R,'r',1719717576065153000
P,'s',1719717576565523000
R,'s',1719717576641622000
P,Key.space,1719717576791826000
R,Key.space,1719717576867652000
P,'a',1719717576938600000
R,'a',1719717577038810000
P,'r',1719717577199030000
R,'r',1719717577287335000
P,'e',1719717577361419000
R,'e',1719717577456171000
P,Key.space,1719717577489722000
R,Key.space,1719717577585778000
P,'a',1719717577674290000
R,'a',1719717577790171000
P,'b',1719717577869474000
R,'b',1719717577945448000
P,'l',1719717578098909000
R,'l',1719717578187044000
P,'e',1719717578263099000
R,'e',1719717578349022000
P,Key.space,1719717578482379000
R,Key.space,1719717578557436000
P,'t',1719717579355539000
R,'t',1719717579443522000
P,'o',1719717579546473000
R,'o',1719717579620588000
P,Key.space,1719717579730745000
R,Key.space,1719717579819468000
P,'t',1719717580152165000
R,'t',1719717580221436000
P,'a',1719717580324593000
R,'a',1719717580425413000
P,'k',1719717580791033000
R,'k',1719717580888389000
P,'e',1719717580961233000
R,'e',1719717581037467000
P,Key.space,1719717581113951000
R,Key.space,1719717581175374000
P,'i',1719717581370074000
R,'i',1719717581443391000
P,'n',1719717581521155000
R,'n',1719717581609054000
P,'s',1719717581667334000
R,'s',1719717581759598000
P,'p',1719717581964223000
R,'p',1719717582104085000
P,'i',1719717582167742000
R,'i',1719717582239859000
P,'r',1719717582476848000
R,'r',1719717582552962000
P,'a',1719717582618138000
R,'a',1719717582736225000
P,'t',1719717582767487000
R,'t',1719717582826704000
P,'i',1719717583109088000
R,'i',1719717583177123000
P,'o',1719717583273807000
R,'o',1719717583365752000
P,'n',1719717583466638000
R,'n',1719717583544944000
P,Key.space,1719717583647725000
R,Key.space,1719717583714785000
P,'f',1719717584261245000
R,'f',1719717584421167000
P,'r',1719717584429558000
R,'r',1719717584528303000
P,'o',1719717584744039000
R,'o',1719717584823367000
P,'m',1719717584941025000
R,'m',1719717585002667000
P,Key.space,1719717585111277000
R,Key.space,1719717585200066000
P,'t',1719717585410637000
R,'t',1719717585481883000
P,'h',1719717585569217000
R,'h',1719717585645167000
P,'e',1719717585689255000
R,'e',1719717585761208000
P,Key.space,1719717589158854000
R,Key.space,1719717589221812000
P,Key.backspace,1719717589751413000
R,Key.backspace,1719717589818125000
P,'i',1719717590178905000
R,'i',1719717590224626000
P,'r',1719717590256223000
R,'r',1719717590340190000
P,Key.space,1719717590431135000
R,Key.space,1719717590508173000
P,'a',1719717590651756000
R,'a',1719717590775824000
P,'c',1719717590927850000
R,'c',1719717591070003000
P,'t',1719717591144538000
R,'t',1719717591222164000
P,'i',1719717591452804000
R,'i',1719717591530367000
P,'o',1719717591613026000
R,'o',1719717591704802000
P,'n',1719717591814048000
R,'n',1719717591886031000
P,'.',1719717592201815000
R,'.',1719717592258309000
P,Key.up,1719717603370220000
R,Key.up,1719717603466079000
P,Key.right,1719717603702983000
R,Key.right,1719717603791143000
P,Key.right,1719717603894290000
R,Key.right,1719717603978310000
P,Key.right,1719717604072517000
R,Key.right,1719717604148524000
P,Key.right,1719717604247763000
R,Key.right,1719717604335640000
P,'e',1719717604926135000
R,'e',1719717605086160000
P,'d',1719717605094473000
R,'d',1719717605238160000
P,Key.space,1719717617865483000
R,Key.space,1719717617934625000
P,Key.caps_lock,1719717618402042000
R,Key.caps_lock,1719717618402532000
P,'T',1719717619196893000
R,'T',1719717619272438000
P,Key.caps_lock,1719717619387153000
R,Key.caps_lock,1719717619387415000
P,'h',1719717619558375000
R,'h',1719717619637975000
P,'e',1719717619961406000
R,'e',1719717620037504000
P,Key.space,1719717620145410000
R,Key.space,1719717620210468000
P,'c',1719717620409548000
R,'c',1719717620493358000
P,'o',1719717620613786000
R,'o',1719717620685451000
P,'a',1719717620783315000
R,'a',1719717620885761000
P,'c',1719717621021009000
R,'c',1719717621126812000
P,'h',1719717621213917000
R,'h',1719717621279221000
P,Key.space,1719717621382630000
R,Key.space,1719717621453892000
P,'a',1719717621564421000
R,'a',1719717621682304000
P,'l',1719717622284732000
R,'l',1719717622360928000
P,'s',1719717622466679000
R,'s',1719717622560079000
P,'o',1719717622620637000
R,'o',1719717622698005000
P,Key.space,1719717622856848000
R,Key.space,1719717622924877000
P,'m',1719717623634521000
R,'m',1719717623719110000
P,'a',1719717623772095000
R,'a',1719717623896117000
P,'n',1719717623957991000
R,'n',1719717624029759000
P,'a',1719717624062458000
R,'a',1719717624150459000
P,'g',1719717637075334000
R,'g',1719717637168163000
P,'e',1719717637194581000
R,'e',1719717637367891000
P,'d',1719717637407899000
R,'d',1719717637544174000
P,Key.space,1719717637601256000
R,Key.space,1719717637667904000
P,'t',1719717638014667000
R,'t',1719717638095695000
P,'o',1719717638224068000
R,'o',1719717638299356000
P,Key.space,1719717638436192000
R,Key.space,1719717638507941000
P,'c',1719717638584470000
R,'c',1719717638675782000
P,'o',1719717638784900000
R,'o',1719717638854730000
P,'m',1719717638956289000
R,'m',1719717639038100000
P,'m',1719717639100115000
R,'m',1719717639176623000
P,'u',1719717639335431000
R,'u',1719717639428370000
P,'n',1719717639508011000
R,'n',1719717639590309000
P,'i',1719717639699526000
R,'i',1719717639772177000
P,'c',1719717639847405000
R,'c',1719717639910285000
P,'a',1719717640110334000
R,'a',1719717640241121000
P,'t',1719717640276270000
R,'t',1719717640333352000
P,'e',1719717641523512000
R,'e',1719717641576067000
P,Key.space,1719717642013003000
R,Key.space,1719717642081339000
P,'t',1719717642295211000
R,'t',1719717642370064000
P,'h',1719717642486384000
P,'e',1719717642563428000
R,'h',1719717642570915000
R,'e',1719717642664439000
P,Key.space,1719717642727644000
R,Key.space,1719717642795827000
P,'s',1719717643033105000
R,'s',1719717643173974000
P,'a',1719717643193445000
R,'a',1719717643313522000
P,'m',1719717643387718000
R,'m',1719717643470956000
P,'e',1719717643521241000
R,'e',1719717643593424000
P,Key.space,1719717647636597000
R,Key.space,1719717647713903000
P,'a',1719717647899830000
R,'a',1719717648068295000
P,'s',1719717648071667000
R,'s',1719717648229230000
P,Key.space,1719717648247524000
R,Key.space,1719717648311828000
P,'t',1719717648680137000
R,'t',1719717648756777000
P,'h',1719717648851620000
P,'e',1719717648932180000
R,'h',1719717648940165000
R,'e',1719717649011979000
P,Key.space,1719717649083475000
R,Key.space,1719717649162500000
P,'b',1719717649994008000
R,'b',1719717650046474000
P,'a',1719717650202155000
R,'a',1719717650302683000
P,'s',1719717650412370000
R,'s',1719717650506919000
P,'e',1719717650636797000
R,'e',1719717650712957000
P,Key.space,1719717650782665000
R,Key.space,1719717650875161000
P,'o',1719717651032480000
R,'o',1719717651114046000
P,'f',1719717651151199000
R,'f',1719717651244215000
P,Key.space,1719717651318678000
R,Key.space,1719717651400333000
P,'h',1719717652038978000
R,'h',1719717652110125000
P,'i',1719717652235541000
R,'i',1719717652319308000
P,'s',1719717652411354000
R,'s',1719717652535288000
P,Key.space,1719717652660451000
R,Key.space,1719717652730808000
P,'s',1719717652863394000
R,'s',1719717652989655000
P,'p',1719717653092038000
R,'p',1719717653160312000
P,'e',1719717653219324000
R,'e',1719717653293317000
P,'e',1719717653376188000
R,'e',1719717653475594000
P,'c',1719717653649017000
R,'c',1719717653759803000
P,'h',1719717653919279000
R,'h',1719717653990479000
P,'.',1719717655697488000
R,'.',1719717655757009000
P,Key.shift_r,1719717657192427000
R,Key.shift_r,1719717658043623000
P,Key.shift_r,1719717658448221000
P,Key.enter,1719717659227022000
R,Key.enter,1719717659406954000
R,Key.shift_r,1719717659472197000
P,Key.caps_lock,1719717660177804000
R,Key.caps_lock,1719717660178057000
P,'X',1719717660626012000
R,'X',1719717660691037000
P,'X',1719717660806317000
R,'X',1719717660892547000
P,'X',1719717661038800000
R,'X',1719717661167791000
P,'X',1719717661411927000
R,'X',1719717661468039000
P,'Y',1719717662671494000
R,'Y',1719717662719220000
P,'Y',1719717662814384000
R,'Y',1719717662882163000
P,'Y',1719717662987596000
R,'Y',1719717663055582000
P,'Y',1719717663330370000
R,'Y',1719717663390087000
P,'Y',1719717663707527000
R,'Y',1719717663771794000
P,'X',1719717669954444000
R,'X',1719717670022974000
P,'H',1719717696352226000
R,'H',1719717696428623000
P,Key.caps_lock,1719717696526058000
R,Key.caps_lock,1719717696526483000
P,'o',1719717696702794000
R,'o',1719717696745348000
P,'n',1719717696874738000
R,'n',1719717696950081000
P,'e',1719717697025503000
R,'e',1719717697114929000
P,'s',1719717697217234000
R,'s',1719717697325207000
P,'t',1719717697425950000
R,'t',1719717697496159000
P,'l',1719717698141758000
R,'l',1719717698205431000
P,'y',1719717698449748000
R,'y',1719717698520773000
P,"','",1719717698769457000
R,"','",1719717698849316000
P,Key.space,1719717698963499000
R,Key.space,1719717699067402000
P,Key.caps_lock,1719717699802487000
R,Key.caps_lock,1719717699802737000
P,'I',1719717700473501000
R,'I',1719717700557413000
P,Key.caps_lock,1719717700648297000
R,Key.caps_lock,1719717700648541000
P,Key.space,1719717700832424000
R,Key.space,1719717700890013000
P,'f',1719717701362924000
R,'f',1719717701433335000
P,'e',1719717701616775000
R,'e',1719717701700929000
P,'e',1719717701788773000
R,'e',1719717701880708000
P,'l',1719717702011795000
R,'l',1719717702087570000
P,Key.space,1719717702261041000
R,Key.space,1719717702346868000
P,'w',1719717707820610000
R,'w',1719717707922392000
P,'h',1719717708637610000
R,'h',1719717708709199000
P,'a',1719717708812466000
R,'a',1719717708916585000
P,'t',1719717709000662000
R,'t',1719717709063894000
P,'e',1719717709200485000
R,'e',1719717709282659000
P,'v',1719717709445109000
R,'v',1719717709524232000
P,'e',1719717709659837000
P,'r',1719717709832237000
R,'e',1719717709898772000
R,'r',1719717709972239000
P,Key.space,1719717710042134000
R,Key.space,1719717710112587000
P,Key.caps_lock,1719717710791857000
R,Key.caps_lock,1719717710792609000
P,'C',1719717710793101000
R,'C',1719717710852790000
P,Key.caps_lock,1719717710886471000
R,Key.caps_lock,1719717710886798000
P,'h',1719717711021724000
R,'h',1719717711094268000
P,'r',1719717711224133000
R,'r',1719717711310700000
P,'i',1719717711437464000
R,'i',1719717711517406000
P,'s',1719717711612075000
R,'s',1719717711723911000
P,Key.space,1719717711791418000
R,Key.space,1719717711858891000
P,'s',1719717712849183000
R,'s',1719717712996930000
P,'a',1719717713007043000
R,'a',1719717713141506000
P,'i',1719717713170437000
R,'i',1719717713248814000
P,'d',1719717713330898000
R,'d',1719717713410928000
P,Key.space,1719717713528343000
R,Key.space,1719717713586312000
P,'m',1719717714210169000
R,'m',1719717714310150000
P,'u',1719717714430747000
R,'u',1719717714501637000
P,'s',1719717714536575000
R,'s',1719717714637425000
P,'t',1719717714746215000
R,'t',1719717714831867000
P,Key.space,1719717714939603000
R,Key.space,1719717715020786000
P,'h',1719717715131119000
P,'a',1719717715251925000
R,'h',1719717715257927000
R,'a',1719717715358798000
P,'v',1719717715373794000
R,'v',1719717715439354000
P,'e',1719717715528149000
R,'e',1719717715620112000
P,Key.space,1719717715690441000
R,Key.space,1719717715764963000
P,'r',1719717715829258000
R,'r',1719717715915455000
P,'e',1719717716023310000
R,'e',1719717716095458000
P,'a',1719717716269054000
R,'a',1719717716386145000
P,'l',1719717716428363000
R,'l',1719717716486140000
P,'l',1719717716557214000
R,'l',1719717716632729000
P,'y',1719717716859689000
R,'y',1719717716946359000
P,Key.space,1719717717050182000
R,Key.space,1719717717126058000
P,'a',1719717718916407000
R,'a',1719717719017403000
P,'g',1719717719356495000
R,'g',1719717719437638000
P,'g',1719717719527731000
R,'g',1719717719593780000
P,'r',1719717720066634000
R,'r',1719717720134442000
P,'a',1719717720378805000
R,'a',1719717720499910000
P,'v',1719717720587039000
R,'v',1719717720657857000
P,'a',1719717720668970000
R,'a',1719717720750868000
P,'t',1719717720859809000
R,'t',1719717720930790000
P,'e',1719717721011792000
R,'e',1719717721158141000
P,'d',1719717721204184000
R,'d',1719717721341633000
P,Key.space,1719717721406916000
R,Key.space,1719717721471315000
P,'w',1719717723509928000
R,'w',1719717723588308000
P,'i',1719717723722924000
R,'i',1719717723803400000
P,'l',1719717723943357000
R,'l',1719717723991847000
P,'l',1719717724064377000
R,'l',1719717724128293000
P,Key.space,1719717724345367000
R,Key.space,1719717724401331000
P,'s',1719717725437311000
R,'s',1719717725521812000
P,'m',1719717725611463000
R,'m',1719717725684179000
P,'i',1719717725824894000
R,'i',1719717725892912000
P,'t',1719717728692303000
R,'t',1719717728785056000
P,'h',1719717729066098000
R,'h',1719717729178110000
P,Key.space,1719717730057579000
R,Key.space,1719717730130968000
P,Key.backspace,1719717731168026000
R,Key.backspace,1719717731246399000
P,"','",1719717731638614000
R,"','",1719717731730618000
P,Key.space,1719717731849394000
R,Key.space,1719717731933322000
P,'t',1719717732036864000
R,'t',1719717732129025000
P,'o',1719717732198323000
R,'o',1719717732259088000
P,Key.space,1719717732381214000
R,Key.space,1719717732450604000
P,'m',1719717732564559000
R,'m',1719717732640364000
P,'a',1719717732661067000
R,'a',1719717732797280000
P,'k',1719717732813640000
R,'k',1719717732871289000
P,'e',1719717732946793000
R,'e',1719717733023552000
P,Key.space,1719717733082465000
R,Key.space,1719717733143382000
P,'h',1719717733431254000
R,'h',1719717733502164000
P,'i',1719717733646805000
R,'i',1719717733730795000
P,'m',1719717733926790000
R,'m',1719717733995179000
P,Key.space,1719717734116946000
R,Key.space,1719717734189013000
P,'l',1719717738273824000
R,'l',1719717738352029000
P,'i',1719717738451341000
R,'i',1719717738510362000
P,'t',1719717738647080000
R,'t',1719717738748115000
P,'e',1719717738911100000
R,'e',1719717739038516000
P,'r',1719717739184322000
R,'r',1719717739281885000
P,'a',1719717739625329000
R,'a',1719717739736776000
P,'l',1719717740451072000
R,'l',1719717740535561000
P,'l',1719717740600868000
R,'l',1719717740684998000
P,'y',1719717740893608000
R,'y',1719717740977664000
P,Key.space,1719717741069975000
R,Key.space,1719717741137781000
P,'p',1719717741359013000
R,'p',1719717741489482000
P,'u',1719717741597890000
R,'u',1719717741666248000
P,'c',1719717741836405000
R,'c',1719717741957148000
P,'h',1719717742016300000
R,'h',1719717742101768000
P,Key.space,1719717742173322000
R,Key.space,1719717742260825000
P,'c',1719717743570648000
R,'c',1719717743673356000
P,'h',1719717743735981000
R,'h',1719717743825723000
P,'r',1719717743891613000
R,'r',1719717743984558000
P,'i',1719717744073924000
R,'i',1719717744168427000
P,'s',1719717744228832000
R,'s',1719717744348434000
P,Key.space,1719717744450220000
R,Key.space,1719717744512986000
P,'i',1719717744770857000
R,'i',1719717744853480000
P,'n',1719717744931994000
R,'n',1719717745002026000
P,Key.space,1719717745111006000
R,Key.space,1719717745201159000
P,'t',1719717745355027000
R,'t',1719717745425119000
P,'h',1719717745530612000
P,'e',1719717745586845000
R,'h',1719717745610990000
R,'e',1719717745671456000
P,Key.space,1719717745802987000
R,Key.space,1719717745874546000
P,'f',1719717746353049000
R,'f',1719717746419898000
P,'a',1719717746453911000
R,'a',1719717746558593000
P,'c',1719717746593214000
R,'c',1719717746673379000
P,'e',1719717746745567000
R,'e',1719717746811138000
P,'.',1719717747569450000
R,'.',1719717747657944000
P,Key.space,1719717747769982000
R,Key.space,1719717747796104000
P,Key.caps_lock,1719717760528633000
R,Key.caps_lock,1719717760528930000
P,'I',1719717763829031000
R,'I',1719717763890412000
P,Key.caps_lock,1719717764032994000
R,Key.caps_lock,1719717764033235000
P,Key.space,1719717764264140000
R,Key.space,1719717764316229000
P,'d',1719717765162159000
R,'d',1719717765306324000
P,'o',1719717765406743000
R,'o',1719717765478325000
P,'n',1719717765573083000
R,'n',1719717765655414000
P,"""'""",1719717766034010000
R,"""'""",1719717766109952000
P,'t',1719717766700929000
R,'t',1719717766813146000
P,Key.space,1719717766987305000
R,Key.space,1719717767044284000
P,'r',1719717767774446000
R,'r',1719717767862879000
P,'e',1719717767936741000
R,'e',1719717768012740000
P,'a',1719717768231905000
R,'a',1719717768351010000
P,'l',1719717768408929000
R,'l',1719717768469754000
P,'l',1719717768553091000
R,'l',1719717768633372000
P,'y',1719717768847282000
R,'y',1719717768919307000
P,Key.space,1719717769035898000
R,Key.space,1719717769118953000
P,'e',1719717769331799000
R,'e',1719717769407255000
P,'n',1719717769624558000
R,'n',1719717769692779000
P,'c',1719717769902214000
R,'c',1719717769968769000
P,Key.backspace,1719717771439481000
R,Key.backspace,1719717771524199000
P,Key.backspace,1719717771634173000
R,Key.backspace,1719717771738006000
P,Key.backspace,1719717771948075000
R,Key.backspace,1719717772057005000
P,'t',1719717773072776000
R,'t',1719717773157361000
P,'h',1719717773263859000
R,'h',1719717773323305000
P,'i',1719717773477038000
R,'i',1719717773558563000
P,'n',1719717773636077000
R,'n',1719717773723200000
P,'k',1719717773828800000
R,'k',1719717773908753000
P,Key.space,1719717774017585000
R,Key.space,1719717774090742000
P,'i',1719717774221455000
R,'i',1719717774297774000
P,'t',1719717774332266000
R,'t',1719717774418319000
P,Key.space,1719717774503140000
R,Key.space,1719717774552601000
P,'w',1719717774693446000
R,'w',1719717774793257000
P,'a',1719717774905081000
R,'a',1719717775069994000
P,'s',1719717775078735000
R,'s',1719717775184661000
P,Key.space,1719717775242742000
R,Key.space,1719717775322760000
P,'a',1719717775381588000
R,'a',1719717775479236000
P,Key.space,1719717775567659000
R,Key.space,1719717775637466000
P,'g',1719717777321036000
R,'g',1719717777385496000
P,'o',1719717777644507000
R,'o',1719717777696350000
P,'o',1719717777777441000
R,'o',1719717777857478000
P,Key.backspace,1719717778319911000
R,Key.backspace,1719717778392325000
P,Key.backspace,1719717778484956000
R,Key.backspace,1719717778556698000
P,Key.backspace,1719717778648886000
R,Key.backspace,1719717778732684000
P,'n',1719717779232187000
R,'n',1719717779341672000
P,'i',1719717779440042000
R,'i',1719717779532276000
P,'c',1719717779562496000
R,'c',1719717779678972000
P,'e',1719717779815357000
R,'e',1719717779914801000
P,Key.space,1719717779993469000
R,Key.space,1719717780057038000
P,'o',1719717782486607000
R,'o',1719717782558691000
P,'f',1719717782639149000
R,'f',1719717782719133000
P,Key.space,1719717782811816000
R,Key.space,1719717782890904000
P,Key.backspace,1719717798050892000
P,Key.backspace,1719717798546800000
P,Key.backspace,1719717798630356000
P,Key.backspace,1719717798716846000
P,Key.backspace,1719717798799256000
P,Key.backspace,1719717798884394000
P,Key.backspace,1719717798973655000
R,Key.backspace,1719717799016647000
P,Key.backspace,1719717799226281000
R,Key.backspace,1719717799294107000
P,Key.backspace,1719717799416210000
R,Key.backspace,1719717799491196000
P,Key.backspace,1719717799583018000
R,Key.backspace,1719717799686978000
P,'g',1719717800568288000
R,'g',1719717800626836000
P,'o',1719717800767292000
R,'o',1719717800827450000
P,'o',1719717800924553000
R,'o',1719717801000945000
P,Key.backspace,1719717801735274000
R,Key.backspace,1719717801803182000
P,Key.backspace,1719717801898742000
R,Key.backspace,1719717801998639000
P,Key.backspace,1719717802109316000
R,Key.backspace,1719717802199814000
P,Key.backspace,1719717803201170000
R,Key.backspace,1719717803287371000
P,Key.backspace,1719717804134154000
R,Key.backspace,1719717804244391000
P,Key.backspace,1719717804414176000
R,Key.backspace,1719717804502331000
P,Key.backspace,1719717804658292000
R,Key.backspace,1719717804754040000
P,Key.backspace,1719717804897699000
R,Key.backspace,1719717804973555000
P,Key.backspace,1719717805119318000
R,Key.backspace,1719717805202897000
P,Key.backspace,1719717805480800000
R,Key.backspace,1719717805544630000
P,'c',1719717805937553000
R,'c',1719717806025733000
P,'h',1719717806099219000
R,'h',1719717806169749000
P,'r',1719717806273816000
R,'r',1719717806352680000
P,'i',1719717806473663000
R,'i',1719717806546088000
P,'s',1719717806710783000
R,'s',1719717806805666000
P,Key.space,1719717806890630000
R,Key.space,1719717806955682000
P,'s',1719717807438875000
R,'s',1719717807536584000
P,'h',1719717807592170000
R,'h',1719717807648708000
P,'o',1719717807833733000
R,'o',1719717807960655000
P,'u',1719717808005540000
R,'u',1719717808086373000
P,'l',1719717808221032000
R,'l',1719717808319095000
P,'d',1719717808370047000
R,'d',1719717808483957000
P,Key.space,1719717808544148000
R,Key.space,1719717808614845000
P,'h',1719717809188859000
R,'h',1719717809265868000
P,'a',1719717809310055000
R,'a',1719717809433295000
P,'v',1719717809464870000
R,'v',1719717809555841000
P,'e',1719717809610908000
R,'e',1719717809690602000
P,Key.space,1719717809760698000
R,Key.space,1719717809844623000
P,'m',1719717810853128000
R,'m',1719717810937127000
P,'a',1719717811007282000
R,'a',1719717811117327000
P,'d',1719717811252842000
R,'d',1719717811328096000
P,'e',1719717811435332000
R,'e',1719717811523557000
P,Key.space,1719717811602808000
R,Key.space,1719717811686389000
P,'s',1719717811836326000
R,'s',1719717811933038000
P,'u',1719717812096628000
R,'u',1719717812165515000
P,'c',1719717812235242000
R,'c',1719717812325768000
P,'h',1719717812446491000
R,'h',1719717812514444000
P,Key.space,1719717812611597000
R,Key.space,1719717812684078000
P,'c',1719717813037438000
R,'c',1719717813131912000
P,'o',1719717813244358000
R,'o',1719717813322645000
P,'m',1719717813455588000
R,'m',1719717813516543000
P,'m',1719717813593692000
R,'m',1719717813680707000
P,'e',1719717813722616000
R,'e',1719717813812480000
P,'n',1719717813835079000
R,'n',1719717813911198000
P,'t',1719717814104567000
R,'t',1719717814176329000
P,'s',1719717814242650000
R,'s',1719717814317348000
P,Key.space,1719717815824613000
R,Key.space,1719717815903231000
P,'o',1719717816284877000
R,'o',1719717816354385000
P,'n',1719717816463732000
R,'n',1719717816545339000
P,Key.space,1719717816646213000
R,Key.space,1719717816723353000
P,'s',1719717817792036000
R,'s',1719717817926665000
P,'u',1719717817964424000
R,'u',1719717818033253000
P,'c',1719717818121494000
R,'c',1719717818198014000
P,'h',1719717818288438000
R,'h',1719717818378333000
P,Key.space,1719717818463257000
R,Key.space,1719717818548047000
P,'a',1719717818639469000
R,'a',1719717818743646000
P,Key.space,1719717818867026000
R,Key.space,1719717818940594000
P,'p',1719717819816453000
R,'p',1719717819883134000
P,'r',1719717820056336000
R,'r',1719717820128904000
P,Key.backspace,1719717820775006000
R,Key.backspace,1719717820839309000
P,'l',1719717821085174000
R,'l',1719717821175241000
P,'a',1719717821257873000
R,'a',1719717821350871000
P,'t',1719717821433438000
R,'t',1719717821497307000
P,'f',1719717821660591000
R,'f',1719717821762007000
P,'o',1719717821892669000
R,'o',1719717821964589000
P,'r',1719717822037863000
R,'r',1719717822105935000
P,'m',1719717822662997000
R,'m',1719717822741095000
P,'.',1719717824250157000
R,'.',1719717824343061000
P,Key.backspace,1719717825031851000
R,Key.backspace,1719717825095691000
P,"','",1719717825447261000
R,"','",1719717825518222000
P,Key.space,1719717825587078000
R,Key.space,1719717825681217000
P,'e',1719717825792292000
R,'e',1719717825899941000
P,'v',1719717826046788000
R,'v',1719717826129170000
P,'e',1719717826247905000
R,'e',1719717826365894000
P,'n',1719717826420037000
R,'n',1719717826487156000
P,Key.space,1719717826577511000
R,Key.space,1719717826665611000
P,'t',1719717826850314000
R,'t',1719717826935636000
P,'h',1719717827013943000
R,'h',1719717827085706000
P,'o',1719717827236242000
R,'o',1719717827347946000
P,'u',1719717827397456000
R,'u',1719717827475028000
P,'g',1719717827609360000
R,'g',1719717827677284000
P,'h',1719717827787345000
R,'h',1719717827861889000
P,Key.space,1719717828014024000
R,Key.space,1719717828078231000
P,'h',1719717828969328000
R,'h',1719717829050074000
P,'e',1719717829076475000
R,'e',1719717829166882000
P,Key.space,1719717829244422000
R,Key.space,1719717829322982000
P,'d',1719717831449685000
R,'d',1719717831547746000
P,'i',1719717831634390000
R,'i',1719717831720683000
P,'d',1719717831744307000
R,'d',1719717831827772000
P,Key.space,1719717831867882000
R,Key.space,1719717831941819000
P,'n',1719717832058960000
R,'n',1719717832126910000
P,'o',1719717832286761000
R,'o',1719717832362470000
P,'t',1719717832370648000
R,'t',1719717832463610000
P,Key.space,1719717832551322000
R,Key.space,1719717832619059000
P,'m',1719717833418739000
R,'m',1719717833501776000
P,'e',1719717833573888000
R,'e',1719717833649248000
P,'a',1719717833809705000
R,'a',1719717833944404000
P,'n',1719717834000236000
R,'n',1719717834055002000
P,Key.space,1719717834154195000
R,Key.space,1719717834240998000
P,'i',1719717834522631000
R,'i',1719717834569013000
P,'l',1719717834888532000
R,'l',1719717834944847000
P,'l',1719717835036154000
R,'l',1719717835095384000
P,'.',1719717835287702000
R,'.',1719717835349106000
P,Key.space,1719717835549713000
R,Key.space,1719717835621157000
P,Key.caps_lock,1719717836642442000
R,Key.caps_lock,1719717836642704000
P,'S',1719717837706413000
R,'S',1719717837798048000
P,Key.caps_lock,1719717838000342000
R,Key.caps_lock,1719717838000803000
P,'o',1719717838122468000
R,'o',1719717838198235000
P,'m',1719717838296223000
R,'m',1719717838372236000
P,'e',1719717838416843000
R,'e',1719717838510957000
P,'t',1719717838736703000
R,'t',1719717838812477000
P,'h',1719717838949112000
R,'h',1719717838984448000
P,Key.backspace,1719717839430264000
R,Key.backspace,1719717839492803000
P,Key.backspace,1719717840073919000
R,Key.backspace,1719717840154393000
P,Key.backspace,1719717840244408000
R,Key.backspace,1719717840326156000
P,Key.backspace,1719717840416787000
R,Key.backspace,1719717840496652000
P,Key.backspace,1719717840594235000
R,Key.backspace,1719717840674218000
P,Key.backspace,1719717840763361000
R,Key.backspace,1719717840835420000
P,Key.caps_lock,1719717841653573000
R,Key.caps_lock,1719717841656314000
P,'I',1719717841752759000
R,'I',1719717841806070000
P,Key.caps_lock,1719717841823340000
R,Key.caps_lock,1719717841851615000
P,'t',1719717841993954000
R,'t',1719717842058229000
P,Key.space,1719717842209461000
R,Key.space,1719717842297521000
P,'t',1719717842754245000
R,'t',1719717842844409000
P,'o',1719717842928146000
R,'o',1719717843001293000
P,'t',1719717843212082000
R,'t',1719717843272023000
P,'a',1719717843365672000
R,'a',1719717843455396000
P,'l',1719717843571469000
R,'l',1719717843635227000
P,'l',1719717843713440000
R,'l',1719717843785512000
P,'y',1719717843951428000
R,'y',1719717844031219000
P,Key.space,1719717844133714000
R,Key.space,1719717844217918000
P,'m',1719717844371106000
R,'m',1719717844463245000
P,'a',1719717844538799000
R,'a',1719717844660681000
P,'k',1719717844719622000
R,'k',1719717844795945000
P,'e',1719717844859876000
R,'e',1719717844935989000
P,'s',1719717845043619000
R,'s',1719717845152750000
P,Key.space,1719717845253709000
R,Key.space,1719717845324581000
P,'s',1719717845948539000
R,'s',1719717846027420000
P,'e',1719717846152889000
R,'e',1719717846237364000
P,'n',1719717846308132000
R,'n',1719717846400246000
P,'c',1719717846561191000
R,'c',1719717846638745000
P,Key.backspace,1719717847026923000
R,Key.backspace,1719717847112550000
P,'s',1719717847264761000
R,'s',1719717847373392000
P,'e',1719717847534542000
R,'e',1719717847618477000
P,Key.space,1719717847789896000
R,Key.space,1719717847875758000
P,'f',1719717848375278000
R,'f',1719717848450261000
P,'o',1719717848566852000
P,'r',1719717848658488000
R,'o',1719717848664098000
R,'r',1719717848731489000
P,Key.space,1719717848820565000
R,Key.space,1719717848905489000
P,Key.caps_lock,1719717850068437000
R,Key.caps_lock,1719717850088789000
P,'W',1719717850711145000
R,'W',1719717850793441000
P,Key.caps_lock,1719717851001637000
R,Key.caps_lock,1719717851002100000
P,'i',1719717851154847000
R,'i',1719717851218271000
P,'l',1719717851350702000
R,'l',1719717851421594000
P,'l',1719717851508344000
R,'l',1719717851568861000
P,Key.space,1719717851770913000
R,Key.space,1719717851844182000
P,'t',1719717851993836000
R,'t',1719717852073686000
P,'o',1719717852161873000
R,'o',1719717852238477000
P,Key.space,1719717852362880000
R,Key.space,1719717852452059000
P,'r',1719717852936295000
R,'r',1719717853055477000
P,'e',1719717853208021000
R,'e',1719717853271281000
P,'a',1719717853666131000
R,'a',1719717853773119000
P,'c',1719717853941253000
R,'c',1719717854029160000
P,'t',1719717854175699000
R,'t',1719717854253902000
P,Key.space,1719717854960740000
R,Key.space,1719717855040860000
P,'t',1719717857346902000
R,'t',1719717857415433000
P,'h',1719717857523391000
P,'e',1719717857562137000
R,'h',1719717857596514000
R,'e',1719717857676496000
P,Key.space,1719717857707536000
R,Key.space,1719717857787488000
P,'w',1719717858968591000
R,'w',1719717859071503000
P,'a',1719717859185584000
R,'a',1719717859304222000
P,'y',1719717859390632000
R,'y',1719717859473331000
P,Key.space,1719717859559350000
R,Key.space,1719717859655266000
P,'h',1719717859863006000
R,'h',1719717859935209000
P,'e',1719717859951936000
R,'e',1719717860050364000
P,Key.space,1719717860091233000
R,Key.space,1719717860174563000
P,'d',1719717860412553000
R,'d',1719717860522118000
P,'i',1719717860598592000
R,'i',1719717860678160000
P,'d',1719717860722104000
R,'d',1719717860796372000
P,'.',1719717861385772000
R,'.',1719717861458822000
P,Key.space,1719717861621973000
R,Key.space,1719717861694571000
P,Key.caps_lock,1719717862752789000
R,Key.caps_lock,1719717862753053000
P,'B',1719717862865729000
R,'B',1719717862956886000
P,Key.caps_lock,1719717862960874000
R,Key.caps_lock,1719717862995680000
P,'u',1719717863124927000
R,'u',1719717863214301000
P,'t',1719717863402867000
R,'t',1719717863484465000
P,Key.space,1719717863654946000
R,Key.space,1719717863742150000
P,'m',1719717865286128000
R,'m',1719717865372712000
P,'a',1719717865474603000
R,'a',1719717865574554000
P,'y',1719717865680486000
R,'y',1719717865750601000
P,Key.space,1719717865858393000
R,Key.space,1719717865933819000
P,'n',1719717867469124000
R,'n',1719717867556607000
P,'o',1719717867690763000
R,'o',1719717867783537000
P,'t',1719717867811449000
R,'t',1719717867876902000
P,Key.space,1719717867971517000
R,Key.space,1719717868039587000
P,'p',1719717869704272000
R,'p',1719717869800314000
P,'u',1719717869970418000
R,'u',1719717870009371000
P,'n',1719717870298040000
R,'n',1719717870382732000
P,'c',1719717870486597000
R,'c',1719717870586377000
P,'h',1719717870687465000
R,'h',1719717870756319000
P,'i',1719717871199176000
R,'i',1719717871270186000
P,'n',1719717871384612000
R,'n',1719717871478573000
P,'g',1719717871511922000
R,'g',1719717871616105000
P,Key.space,1719717871711053000
R,Key.space,1719717871778229000
P,'h',1719717872539369000
R,'h',1719717872604791000
P,'i',1719717872892709000
R,'i',1719717872951785000
P,'m',1719717873333099000
R,'m',1719717873392727000
P,Key.space,1719717876147405000
R,Key.space,1719717876225344000
P,Key.backspace,1719717879175739000
R,Key.backspace,1719717879286179000
P,Key.backspace,1719717879449971000
P,Key.backspace,1719717879950896000
P,Key.backspace,1719717880035538000
P,Key.backspace,1719717880125581000
P,Key.backspace,1719717880208491000
P,Key.backspace,1719717880295885000
P,Key.backspace,1719717880381967000
P,Key.backspace,1719717880460307000
P,Key.backspace,1719717880542081000
P,Key.backspace,1719717880623532000
P,Key.backspace,1719717880711925000
P,Key.backspace,1719717880798204000
P,Key.backspace,1719717880875573000
P,Key.backspace,1719717880959288000
R,Key.backspace,1719717880973008000
P,Key.backspace,1719717881240737000
R,Key.backspace,1719717881300591000
P,Key.backspace,1719717881422627000
R,Key.backspace,1719717881498913000
P,'b',1719717882082378000
R,'b',1719717882146553000
P,'e',1719717882217413000
R,'e',1719717882314070000
P,Key.space,1719717882430156000
R,Key.space,1719717882505514000
P,'n',1719717884348583000
R,'n',1719717884420016000
P,'o',1719717884559937000
R,'o',1719717884647931000
P,'t',1719717884693921000
R,'t',1719717884776408000
P,Key.space,1719717884869832000
R,Key.space,1719717884936725000
P,'p',1719717885830362000
R,'p',1719717885903960000
P,'u',1719717886097944000
R,'u',1719717886158503000
P,'n',1719717886266730000
R,'n',1719717886355378000
P,'c',1719717886437563000
R,'c',1719717886535610000
P,'h',1719717886588959000
R,'h',1719717886651108000
P,'i',1719717886795865000
R,'i',1719717886877121000
P,'n',1719717886953081000
R,'n',1719717887049398000
P,'g',1719717887092312000
R,'g',1719717887180983000
P,Key.space,1719717887206044000
R,Key.space,1719717887272526000
P,'h',1719717887413773000
R,'h',1719717887488382000
P,'i',1719717887630303000
R,'i',1719717887712007000
P,'m',1719717887824350000
R,'m',1719717887896652000
P,Key.space,1719717888014071000
R,Key.space,1719717888080256000
P,'w',1719717889206076000
R,'w',1719717889301899000
P,'o',1719717889336225000
R,'o',1719717889453758000
P,'u',1719717889512176000
R,'u',1719717889583651000
P,'l',1719717889727932000
R,'l',1719717889812775000
P,'d',1719717889875491000
R,'d',1719717889963497000
P,Key.space,1719717890026438000
R,Key.space,1719717890102045000
P,'h',1719717890241009000
P,'a',1719717890321911000
R,'h',1719717890344008000
R,'a',1719717890420172000
P,'v',1719717890483898000
R,'v',1719717890542978000
P,'e',1719717890636512000
R,'e',1719717890749761000
P,Key.space,1719717890846976000
R,Key.space,1719717890918921000
P,'b',1719717891495446000
R,'b',1719717891582420000
P,'e',1719717891634277000
R,'e',1719717891708764000
P,'e',1719717891802681000
R,'e',1719717891868685000
P,'n',1719717891980333000
R,'n',1719717892039717000
P,Key.space,1719717892137254000
R,Key.space,1719717892229287000
P,'b',1719717892557212000
R,'b',1719717892620987000
P,'e',1719717892719817000
R,'e',1719717892816611000
P,'t',1719717892951965000
R,'t',1719717893015718000
P,'t',1719717893092312000
R,'t',1719717893168480000
P,'e',1719717893213292000
P,'r',1719717893361173000
R,'e',1719717893404794000
R,'r',1719717893479936000
P,'.',1719717893945650000
R,'.',1719717893995443000
P,Key.shift_r,1719717916287119000
P,Key.enter,1719717916727073000
R,Key.enter,1719717916870558000
R,Key.shift_r,1719717916891151000
P,Key.caps_lock,1719717917896954000
R,Key.caps_lock,1719717917937662000
P,'X',1719717918458617000
R,'X',1719717918538195000
P,'X',1719717918794931000
R,'X',1719717918867016000
P,'X',1719717919182492000
R,'X',1719717919252964000
P,'X',1719717919577590000
R,'X',1719717919655605000
P,'X',1719717920010603000
R,'X',1719717920095021000
P,'Y',1719717920983035000
R,'Y',1719717921060337000
P,'Y',1719717921153419000
R,'Y',1719717921233546000
P,'Y',1719717921471058000
R,'Y',1719717921531046000
P,'Y',1719717922586402000
R,'Y',1719717922665283000
P,'Y',1719717922818417000
R,'Y',1719717922880968000
P,Key.down,1719717936955922000
R,Key.down,1719717937050795000
P,'I',1719717947658467000
R,'I',1719717947722730000
P,Key.caps_lock,1719717947913568000
R,Key.caps_lock,1719717947923194000
P,Key.space,1719717947971618000
R,Key.space,1719717948038974000
P,'f',1719717948285446000
R,'f',1719717948369502000
P,'e',1719717948504527000
R,'e',1719717948576042000
P,'e',1719717948675481000
R,'e',1719717948744064000
P,'l',1719717948847059000
R,'l',1719717948918839000
P,Key.space,1719717949072254000
R,Key.space,1719717949139963000
P,'i',1719717949956367000
R,'i',1719717950044990000
P,'t',1719717950053175000
R,'t',1719717950150753000
P,Key.space,1719717950225239000
R,Key.space,1719717950293289000
P,'i',1719717950444290000
R,'i',1719717950529106000
P,'s',1719717950572948000
R,'s',1719717950669193000
P,Key.space,1719717950738820000
R,Key.space,1719717950804585000
P,'a',1719717951351352000
R,'a',1719717951463286000
P,Key.space,1719717951577690000
R,Key.space,1719717951648807000
P,'v',1719717951804054000
R,'v',1719717951871985000
P,'e',1719717951936679000
P,'r',1719717952124866000
R,'e',1719717952148577000
R,'r',1719717952234428000
P,'y',1719717952387546000
R,'y',1719717952451222000
P,Key.space,1719717952613349000
R,Key.space,1719717952689567000
P,'s',1719717953518600000
R,'s',1719717953614537000
P,'o',1719717953754035000
R,'o',1719717953818637000
P,'t',1719717953995108000
R,'t',1719717954078140000
P,Key.backspace,1719717954482434000
R,Key.backspace,1719717954597793000
P,Key.backspace,1719717954722463000
R,Key.backspace,1719717954812599000
P,'t',1719717955175441000
R,'t',1719717955263415000
P,'r',1719717955337335000
R,'r',1719717955413941000
P,'o',1719717955530150000
R,'o',1719717955623568000
P,'n',1719717955745869000
R,'n',1719717955833825000
P,'g',1719717955934630000
R,'g',1719717956006551000
P,Key.space,1719717956105380000
R,Key.space,1719717956161098000
P,'s',1719717956652843000
R,'s',1719717956735552000
P,'t',1719717956796763000
R,'t',1719717956868059000
P,'a',1719717956934460000
R,'a',1719717957027001000
P,'t',1719717957216624000
R,'t',1719717957280497000
P,'e',1719717957359678000
R,'e',1719717957433517000
P,'m',1719717957628981000
R,'m',1719717957702969000
P,'e',1719717957787765000
R,'e',1719717957872327000
P,'n',1719717957906028000
R,'n',1719717957986026000
P,'t',1719717958169450000
R,'t',1719717958245481000
P,Key.space,1719717958388975000
R,Key.space,1719717958481338000
P,'t',1719717962881311000
R,'t',1719717962944884000
P,'o',1719717963147602000
R,'o',1719717963232536000
P,Key.space,1719717963366800000
R,Key.space,1719717963453816000
P,Key.backspace,1719717964497217000
R,Key.backspace,1719717964551592000
P,Key.backspace,1719717964675758000
R,Key.backspace,1719717964753297000
P,Key.backspace,1719717964868077000
R,Key.backspace,1719717964956361000
P,'a',1719717975914182000
R,'a',1719717976019081000
P,'b',1719717976076547000
R,'b',1719717976137392000
P,'o',1719717976350902000
R,'o',1719717976507228000
P,'u',1719717976548577000
R,'u',1719717976640165000
P,'t',1719717976666116000
R,'t',1719717976748277000
P,Key.space,1719717976854078000
R,Key.space,1719717976909463000
P,'t',1719717977019073000
R,'t',1719717977108875000
P,'h',1719717977193198000
R,'h',1719717977255345000
P,'e',1719717977376848000
R,'e',1719717977491988000
P,Key.space,1719717977589893000
R,Key.space,1719717977656643000
P,'p',1719717978889304000
R,'p',1719717978984253000
P,'r',1719717979053877000
R,'r',1719717979160583000
P,'e',1719717979233244000
R,'e',1719717979336365000
P,'s',1719717979827487000
R,'s',1719717979936664000
P,'i',1719717980029759000
R,'i',1719717980096448000
P,'d',1719717980147217000
R,'d',1719717980273675000
P,'e',1719717980313177000
R,'e',1719717980406597000
P,'n',1719717980474925000
R,'n',1719717980565041000
P,'t',1719717980694291000
R,'t',1719717980777898000
P,'.',1719717981107985000
R,'.',1719717981167776000
P,Key.space,1719717981362067000
R,Key.space,1719717981454617000
P,Key.caps_lock,1719717983089481000
R,Key.caps_lock,1719717983097674000
P,'I',1719717983435838000
R,'I',1719717983518716000
P,Key.caps_lock,1719717983686238000
R,Key.caps_lock,1719717983687346000
P,Key.space,1719717983756619000
R,Key.space,1719717983799062000
P,'d',1719717983887228000
R,'d',1719717983957399000
P,'o',1719717984052559000
R,'o',1719717984124504000
P,Key.space,1719717984250640000
R,Key.space,1719717984330773000
P,'a',1719717984776267000
R,'a',1719717984885278000
P,'g',1719717985193459000
R,'g',1719717985270382000
P,'r',1719717985471650000
R,'r',1719717985553707000
P,'e',1719717985713484000
R,'e',1719717985777502000
P,'e',1719717985877532000
R,'e',1719717985954612000
P,Key.space,1719717986053501000
R,Key.space,1719717986126301000
P,'w',1719717992702481000
R,'w',1719717992824537000
P,'e',1719717992895603000
R,'e',1719717993007573000
P,Key.space,1719717993072275000
P,'b',1719717993097308000
R,'b',1719717993142264000
R,Key.space,1719717993143213000
P,'n',1719717993359274000
R,'n',1719717993441318000
P,'e',1719717993604909000
R,'e',1719717993685119000
P,'e',1719717993782747000
R,'e',1719717993850696000
P,'d',1719717993990844000
R,'d',1719717994079342000
P,Key.space,1719717994192563000
R,Key.space,1719717994252187000
P,Key.backspace,1719717994593128000
R,Key.backspace,1719717994650953000
P,Key.space,1719717995373167000
R,Key.space,1719717995439706000
P,'t',1719717995508162000
R,'t',1719717995570753000
P,'o',1719717995689542000
R,'o',1719717995767539000
P,Key.space,1719717995919080000
R,Key.space,1719717996002482000
P,'p',1719717997808376000
R,'p',1719717997825600000
P,'u',1719717998904381000
R,'u',1719717998964153000
P,'t',1719717999004904000
R,'t',1719717999085483000
P,Key.space,1719717999150625000
R,Key.space,1719717999222321000
P,'a',1719717999435435000
R,'a',1719717999529966000
P,Key.space,1719717999576202000
R,Key.space,1719717999654576000
P,'s',1719718000096786000
R,'s',1719718000187926000
P,'t',1719718000299799000
R,'t',1719718000363733000
P,'o',1719718000633556000
R,'o',1719718000688484000
P,'p',1719718000795307000
R,'p',1719718000867082000
P,Key.space,1719718001034552000
R,Key.space,1719718001105359000
P,'f',1719718001248182000
R,'f',1719718001328883000
P,'o',1719718001416988000
R,'o',1719718001472464000
P,'r',1719718001512849000
R,'r',1719718001584513000
P,Key.space,1719718001631473000
R,Key.space,1719718001707794000
P,'t',1719718001884000000
R,'t',1719718001948218000
P,'h',1719718002039479000
R,'h',1719718002114895000
P,'i',1719718002232503000
R,'i',1719718002308571000
P,'s',1719718002358068000
R,'s',1719718002461750000
P,Key.space,1719718002557048000
R,Key.space,1719718002622787000
P,'w',1719718002774685000
R,'w',1719718002862551000
P,'a',1719718002972617000
R,'a',1719718003096890000
P,'r',1719718003302278000
R,'r',1719718003365213000
P,"','",1719718006177836000
R,"','",1719718006250436000
P,Key.space,1719718006432905000
R,Key.space,1719718006505987000
P,Key.backspace,1719718009221496000
R,Key.backspace,1719718009288396000
P,Key.backspace,1719718009442969000
R,Key.backspace,1719718009502590000
P,Key.space,1719718009870719000
R,Key.space,1719718009943054000
P,'a',1719718010144149000
R,'a',1719718010264534000
P,'n',1719718010295198000
R,'n',1719718010375012000
P,'d',1719718010478064000
R,'d',1719718010545840000
P,Key.space,1719718010624550000
R,Key.space,1719718010689183000
P,'s',1719718011696833000
R,'s',1719718011780994000
P,'i',1719718012188703000
R,'i',1719718012256081000
P,'t',1719718012328894000
R,'t',1719718012392850000
P,'t',1719718012493159000
R,'t',1719718012553783000
P,'i',1719718012630927000
R,'i',1719718012701966000
P,'n',1719718012799803000
R,'n',1719718012882370000
P,'g',1719718012895387000
R,'g',1719718012982608000
P,Key.space,1719718013034999000
R,Key.space,1719718013107964000
P,'t',1719718013190306000
R,'t',1719718013259232000
P,'o',1719718013340001000
R,'o',1719718013415573000
P,'g',1719718013595159000
R,'g',1719718013666725000
P,'e',1719718013730180000
R,'e',1719718013822476000
P,'t',1719718013981615000
R,'t',1719718014037504000
P,'h',1719718014266610000
R,'h',1719718014339223000
P,'e',1719718014433751000
P,'r',1719718014604771000
R,'e',1719718014649010000
R,'r',1719718014716946000
P,Key.space,1719718014777938000
R,Key.space,1719718014858153000
P,'a',1719718015502549000
R,'a',1719718015617754000
P,'n',1719718015659012000
R,'n',1719718015732444000
P,'d',1719718015772794000
R,'d',1719718015858257000
P,Key.space,1719718015911734000
R,Key.space,1719718015999465000
P,'n',1719718016187987000
R,'n',1719718016255910000
P,'e',1719718016311505000
R,'e',1719718016402665000
P,'g',1719718016755957000
R,'g',1719718016835840000
P,'o',1719718016938378000
R,'o',1719718017010396000
P,'t',1719718017121305000
R,'t',1719718017216068000
P,'i',1719718017350393000
R,'i',1719718017410062000
P,'a',1719718017547041000
R,'a',1719718017657627000
P,'t',1719718017721274000
R,'t',1719718017779622000
P,'i',1719718017985146000
R,'i',1719718018060265000
P,'n',1719718018164656000
R,'n',1719718018245436000
P,'g',1719718018267842000
R,'g',1719718018352726000
P,Key.space,1719718018389758000
R,Key.space,1719718018459356000
P,'w',1719718018823417000
R,'w',1719718018923258000
P,'o',1719718019011351000
R,'o',1719718019107879000
P,'u',1719718019186932000
R,'u',1719718019276161000
P,'l',1719718019401754000
R,'l',1719718019502519000
P,'d',1719718019576408000
R,'d',1719718019668338000
P,Key.space,1719718019750126000
R,Key.space,1719718019809482000
P,'b',1719718019935915000
R,'b',1719718019995215000
P,'e',1719718020007420000
R,'e',1719718020076188000
P,Key.space,1719718020167353000
R,Key.space,1719718020257509000
P,'a',1719718020380376000
R,'a',1719718020493418000
P,Key.space,1719718020585756000
R,Key.space,1719718020656605000
P,'g',1719718021422730000
R,'g',1719718021481422000
P,'o',1719718021616016000
R,'o',1719718021673763000
P,'o',1719718021765033000
R,'o',1719718021861699000
P,'d',1719718021965436000
R,'d',1719718022045320000
P,Key.space,1719718022119259000
R,Key.space,1719718022190154000
P,'i',1719718022821759000
R,'i',1719718022892521000
P,'d',1719718022977149000
R,'d',1719718023111874000
P,'e',1719718023136011000
R,'e',1719718023240184000
P,'a',1719718023439944000
R,'a',1719718023578682000
P,'.',1719718024149505000
R,'.',1719718024216595000
P,Key.space,1719718024374487000
R,Key.space,1719718024425554000
P,Key.caps_lock,1719718045330276000
R,Key.caps_lock,1719718045330614000
P,'B',1719718050881319000
R,'B',1719718050949539000
P,Key.caps_lock,1719718051033297000
R,Key.caps_lock,1719718051033531000
P,'u',1719718051200757000
R,'u',1719718051248228000
P,'t',1719718051456075000
R,'t',1719718051532862000
P,Key.space,1719718051663675000
R,Key.space,1719718051760340000
P,Key.caps_lock,1719718052485867000
R,Key.caps_lock,1719718052507450000
P,'I',1719718052565217000
R,'I',1719718052613046000
P,Key.caps_lock,1719718052652325000
R,Key.caps_lock,1719718052658453000
P,Key.space,1719718052772380000
R,Key.space,1719718052844301000
P,'t',1719718053041757000
R,'t',1719718053144390000
P,'h',1719718053226017000
R,'h',1719718053289879000
P,'i',1719718053417035000
R,'i',1719718053503020000
P,'n',1719718053598715000
R,'n',1719718053690915000
P,'k',1719718053806285000
R,'k',1719718053898722000
P,Key.space,1719718054007996000
R,Key.space,1719718054098406000
P,'b',1719718055855176000
R,'b',1719718055943007000
P,'e',1719718055984894000
R,'e',1719718056072700000
P,'f',1719718056216110000
R,'f',1719718056300122000
P,'o',1719718056471980000
R,'o',1719718056550811000
P,'r',1719718056626689000
R,'r',1719718056717937000
P,'e',1719718056775074000
R,'e',1719718056893894000
P,Key.space,1719718056963797000
R,Key.space,1719718057025330000
P,'a',1719718057398789000
R,'a',1719718057505857000
P,'l',1719718057822158000
R,'l',1719718057894788000
P,'o',1719718058099219000
R,'o',1719718058181022000
P,'c',1719718058670435000
R,'c',1719718058777541000
P,'a',1719718058938209000
R,'a',1719718059054342000
P,'t',1719718059166814000
R,'t',1719718059226836000
P,'t',1719718059327559000
R,'t',1719718059398155000
P,'i',1719718059820546000
R,'i',1719718059904184000
P,'n',1719718059989711000
R,'n',1719718060082100000
P,'g',1719718060143876000
R,'g',1719718060227502000
P,Key.space,1719718060424796000
R,Key.space,1719718060489705000
P,'t',1719718061256367000
R,'t',1719718061312937000
P,Key.backspace,1719718062004585000
R,Key.backspace,1719718062071112000
P,'f',1719718062334715000
R,'f',1719718062427759000
P,'u',1719718062526374000
R,'u',1719718062612186000
P,'n',1719718062709429000
R,'n',1719718062797027000
P,'d',1719718063052331000
R,'d',1719718063181928000
P,'s',1719718063234276000
R,'s',1719718063372222000
P,Key.space,1719718063418735000
R,Key.space,1719718063492363000
P,'t',1719718064013256000
R,'t',1719718064097129000
P,'o',1719718064201166000
R,'o',1719718064289899000
P,Key.space,1719718064405084000
R,Key.space,1719718064509022000
P,'u',1719718065059089000
R,'u',1719718065123992000
P,'k',1719718065453556000
R,'k',1719718065515859000
P,'r',1719718065696373000
R,'r',1719718065785286000
P,'a',1719718065946909000
R,'a',1719718066066851000
P,'i',1719718066122596000
R,'i',1719718066195093000
P,'n',1719718066307599000
R,'n',1719718066397514000
P,'e',1719718068181266000
R,'e',1719718068252712000
P,Key.space,1719718068336308000
R,Key.space,1719718068399972000
P,'t',1719718069006874000
R,'t',1719718069069772000
P,'h',1719718069170300000
P,'e',1719718069248127000
R,'h',1719718069254408000
R,'e',1719718069334375000
P,Key.space,1719718069380064000
R,Key.space,1719718069452191000
P,'p',1719718070062346000
R,'p',1719718070142334000
P,'r',1719718070208297000
R,'r',1719718070288403000
P,'a',1719718070501170000
R,'a',1719718070616923000
P,'s',1719718070766143000
R,'s',1719718070854134000
P,'i',1719718071020610000
R,'i',1719718071103826000
P,'d',1719718071348768000
R,'d',1719718071441464000
P,'e',1719718071534391000
R,'e',1719718071631791000
P,'n',1719718071717479000
R,'n',1719718071803607000
P,'t',1719718071933590000
R,'t',1719718072034092000
P,Key.space,1719718072105608000
R,Key.space,1719718072173631000
P,'s',1719718073739739000
R,'s',1719718073839764000
P,'h',1719718073944809000
R,'h',1719718074015683000
P,'o',1719718074182177000
R,'o',1719718074295024000
P,'u',1719718074344467000
R,'u',1719718074438898000
P,'l',1719718074584213000
R,'l',1719718074658689000
P,'d',1719718074758562000
R,'d',1719718074858861000
P,Key.space,1719718074908232000
R,Key.space,1719718074968882000
P,'d',1719718075611953000
P,'e',1719718075755949000
R,'d',1719718075777876000
R,'e',1719718075841996000
P,'c',1719718075989609000
R,'c',1719718076093365000
P,'i',1719718076220174000
R,'i',1719718076251506000
P,'d',1719718076497396000
R,'d',1719718076659628000
P,'e',1719718076660191000
R,'e',1719718076759791000
P,Key.space,1719718076865334000
R,Key.space,1719718076931721000
P,'o',1719718077598913000
R,'o',1719718077681993000
P,'n',1719718077775552000
R,'n',1719718077843264000
P,Key.space,1719718077954543000
R,Key.space,1719718078014468000
P,'t',1719718078194547000
R,'t',1719718078274882000
P,'h',1719718078355164000
R,'h',1719718078443313000
P,'e',1719718078482613000
R,'e',1719718078556713000
P,Key.space,1719718078569825000
R,Key.space,1719718078635641000
P,'n',1719718078799273000
R,'n',1719718078863317000
P,'u',1719718078998445000
R,'u',1719718079062828000
P,'m',1719718079192565000
R,'m',1719718079278603000
P,'b',1719718079410028000
R,'b',1719718079486233000
P,'e',1719718079547899000
P,'r',1719718079719632000
R,'e',1719718079784291000
R,'r',1719718079847905000
P,'s',1719718080394324000
R,'s',1719718080486267000
P,Key.space,1719718080566428000
R,Key.space,1719718080649953000
P,'v',1719718080793656000
R,'v',1719718080857630000
P,'e',1719718080875682000
P,'r',1719718081055696000
R,'e',1719718081090362000
R,'r',1719718081175222000
P,'y',1719718081324576000
R,'y',1719718081380249000
P,Key.space,1719718081495524000
R,Key.space,1719718081591309000
P,'c',1719718081716902000
R,'c',1719718081806045000
P,'a',1719718081956445000
R,'a',1719718082099281000
P,'r',1719718082254697000
R,'r',1719718082344905000
P,'e',1719718082441581000
R,'e',1719718082538735000
P,'f',1719718083137442000
R,'f',1719718083228911000
P,'u',1719718083377318000
R,'u',1719718083457565000
P,'l',1719718083589958000
R,'l',1719718083662116000
P,'l',1719718083733654000
R,'l',1719718083827714000
P,'y',1719718083916390000
R,'y',1719718084006343000
P,Key.space,1719718084110048000
R,Key.space,1719718084186844000
P,'s',1719718089597444000
R,'s',1719718089695945000
P,'u',1719718089790034000
R,'u',1719718089855270000
P,'p',1719718090046596000
R,'p',1719718090131372000
P,'p',1719718090211338000
P,'o',1719718090306755000
R,'p',1719718090307124000
R,'o',1719718090370775000
P,'r',1719718090430007000
R,'r',1719718090527367000
P,'t',1719718090668246000
R,'t',1719718090737733000
P,'i',1719718090830878000
R,'i',1719718090939592000
P,'n',1719718091010304000
R,'n',1719718091111019000
P,'g',1719718091177768000
R,'g',1719718091256507000
P,Key.backspace,1719718094916885000
R,Key.backspace,1719718094988252000
P,Key.backspace,1719718095128497000
R,Key.backspace,1719718095211758000
P,Key.backspace,1719718095325316000
R,Key.backspace,1719718095401322000
P,Key.backspace,1719718095521544000
R,Key.backspace,1719718095631161000
P,Key.backspace,1719718095802107000
R,Key.backspace,1719718095894058000
P,Key.backspace,1719718096087841000
R,Key.backspace,1719718096156575000
P,Key.backspace,1719718097159662000
R,Key.backspace,1719718097263667000
P,Key.backspace,1719718097569416000
R,Key.backspace,1719718097657819000
P,Key.backspace,1719718098059027000
R,Key.backspace,1719718098143113000
P,'s',1719718102013394000
R,'s',1719718102102818000
P,'o',1719718102119379000
R,'o',1719718102208184000
P,Key.space,1719718102308376000
R,Key.space,1719718102410380000
P,'t',1719718102569703000
R,'t',1719718102645613000
P,'h',1719718102764332000
R,'h',1719718102826514000
P,'a',1719718102842937000
R,'a',1719718102955055000
P,'t',1719718102978747000
R,'t',1719718103050718000
P,Key.space,1719718103161053000
R,Key.space,1719718103242172000
P,'o',1719718106971695000
R,'o',1719718107058744000
P,'t',1719718107142832000
R,'t',1719718107235442000
P,'h',1719718107281061000
R,'h',1719718107363857000
P,'e',1719718107456243000
R,'e',1719718107636246000
P,'r',1719718107698724000
R,'r',1719718107746584000
P,'s',1719718108086965000
R,'s',1719718108182907000
P,Key.space,1719718108298980000
R,Key.space,1719718108370610000
P,'a',1719718108781556000
R,'a',1719718108892787000
P,'r',1719718109084797000
R,'r',1719718109188614000
P,'e',1719718109259683000
R,'e',1719718109367287000
P,Key.space,1719718109440397000
R,Key.space,1719718109513982000
P,'n',1719718109687826000
R,'n',1719718109774549000
P,'o',1719718109941893000
R,'o',1719718110025581000
P,'t',1719718110074319000
R,'t',1719718110155125000
P,Key.space,1719718110250059000
R,Key.space,1719718110317580000
P,'s',1719718110559458000
R,'s',1719718110659590000
P,'u',1719718110790199000
R,'u',1719718110850228000
P,'f',1719718111257636000
R,'f',1719718111334391000
P,'f',1719718111459726000
R,'f',1719718111521152000
P,'e',1719718111717798000
R,'e',1719718111812529000
P,'r',1719718112161377000
R,'r',1719718112241902000
P,'i',1719718112617653000
R,'i',1719718112697821000
P,'n',1719718112797301000
R,'n',1719718112881579000
P,'g',1719718112963535000
R,'g',1719718113054390000
P,Key.space,1719718113150419000
R,Key.space,1719718113216795000
P,Key.backspace,1719718116887752000
R,Key.backspace,1719718116968123000
P,Key.backspace,1719718117075051000
R,Key.backspace,1719718117138111000
P,Key.space,1719718117684416000
R,Key.space,1719718117719536000
P,'n',1719718117869129000
R,'n',1719718117950840000
P,'a',1719718118030840000
R,'a',1719718118125374000
P,'t',1719718118177024000
R,'t',1719718118241202000
P,'i',1719718118454197000
R,'i',1719718118524050000
P,'o',1719718118609761000
R,'o',1719718118697914000
P,'n',1719718118814872000
R,'n',1719718118894402000
P,Key.space,1719718119013848000
R,Key.space,1719718119085682000
P,Key.backspace,1719718120397285000
R,Key.backspace,1719718120501119000
P,Key.backspace,1719718120608074000
R,Key.backspace,1719718120702594000
P,Key.backspace,1719718120792034000
P,Key.backspace,1719718121290703000
P,Key.backspace,1719718121382892000
P,Key.backspace,1719718121458042000
P,Key.backspace,1719718121544190000
P,Key.backspace,1719718121627038000
P,Key.backspace,1719718121717825000
P,Key.backspace,1719718121793428000
P,Key.backspace,1719718121880939000
P,Key.backspace,1719718121967328000
P,Key.backspace,1719718122050097000
R,Key.backspace,1719718122122664000
P,'o',1719718122766509000
R,'o',1719718122842531000
P,'w',1719718122932617000
R,'w',1719718123030622000
P,'n',1719718123132080000
R,'n',1719718123203398000
P,Key.space,1719718123308712000
R,Key.space,1719718123377826000
P,'c',1719718124005819000
R,'c',1719718124088876000
P,'i',1719718124164946000
R,'i',1719718124239079000
P,'t',1719718124329963000
R,'t',1719718124414245000
P,'i',1719718124523453000
R,'i',1719718124614108000
P,'z',1719718125093866000
R,'z',1719718125167072000
P,'e',1719718125349728000
R,'e',1719718125447822000
P,'n',1719718125855056000
R,'n',1719718125926621000
P,'s',1719718126605752000
R,'s',1719718126697569000
P,Key.space,1719718126803528000
R,Key.space,1719718126867363000
P,'.',1719718129456766000
R,'.',1719718129517348000
P,Key.shift_r,1719718130138806000
P,Key.enter,1719718130314678000
R,Key.shift_r,1719718130434875000
R,Key.enter,1719718130444089000
P,Key.caps_lock,1719718131365014000
R,Key.caps_lock,1719718131365671000
P,'X',1719718132267414000
R,'X',1719718132320863000
P,'X',1719718132431126000
R,'X',1719718132487141000
P,'X',1719718132593642000
R,'X',1719718132657918000
P,'X',1719718133072220000
R,'X',1719718133154571000
P,'X',1719718133385610000
R,'X',1719718133464190000
P,'Y',1719718134057379000
R,'Y',1719718134128763000
P,'Y',1719718134218544000
R,'Y',1719718134289048000
P,'Y',1719718134367116000
R,'Y',1719718134432253000
P,'Y',1719718134975928000
R,'Y',1719718135053157000
P,'Y',1719718135169694000
R,'Y',1719718135233373000
P,Key.ctrl,1719718169358933000
P,'c',1719718169714368000
